RSID	CHR	BP	Gene	P_fixed	I2	tau2	BETA_random	P_random	Substantial_Diff	Note
rs10912578	1	173282717	TNFSF4	1.75373755085608e-13	91.4581034404693	0.014746474094541	0.159393064702519	0.0757641980042821	FALSE	Consistent
rs12928726	16	11097715	CLEC16A	3.07722966427189e-09	0	0	-0.13817263617087	3.07722966427189e-09	FALSE	No between-study variance
rs13332649	16	85933077	IRF8	9.572717561106e-16	91.8328897299718	0.0187572232639384	-0.214923383574627	0.0334280787919445	FALSE	Consistent
rs2647928	3	160030028	IL12A	2.11129160873984e-11	0	0	-0.16611172251783	2.11129160873984e-11	FALSE	No between-study variance
rs34572943	16	31261032	ITGAM	2.68623547210467e-51	91.8897110408191	0.0296634149084745	0.464513377744884	0.000254324726090233	FALSE	Consistent
rs4853458	2	191094763	STAT4	4.07604197286915e-72	95.2002825437363	0.0296192815363868	0.436595769616767	0.000463868644712721	FALSE	Consistent
rs6671847	1	161509020	FCGR2A	7.60917787548015e-13	71.0924667545175	0.00290675004360231	0.157429060412993	0.000475580079742973	FALSE	Consistent
