RSID	Gene	BETA_disco	SE_rep	P_rep	Replicated	NCP	Power_pct	Conclusion
rs4853458	STAT4	0.470411227499651	0.0697472055066342	5.42202e-10	TRUE	6.74451720441913	99.9683777170875	Replicated
rs34572943	ITGAM	0.507262044720673	0.0815823490419164	5.83907e-12	TRUE	6.21779160171088	99.8077333264345	Replicated
rs13332649	IRF8	-0.229209306859579	0.0813485299731897	0.00448867	TRUE	2.81762076014306	30.5168583990233	Replicated
rs10912578	TNFSF4	0.184243221178961	0.0650112818222214	0.023616	TRUE	2.83401920427887	31.093783380686	Replicated
rs6671847	FCGR2A	0.166756300266454	0.0659748368031313	6.27134e-05	TRUE	2.52757427447762	21.1960076556019	Replicated
rs2647928	IL12A	-0.16611172251783	0.063147318752788	0.00433082	TRUE	2.63054276568941	24.300459915636	Replicated
rs12928726	CLEC16A	-0.13817263617087	0.0585029299650512	8.13737e-09	TRUE	2.36180711382169	16.7170785574165	Replicated
