Locus	Gene	Tissue	PP4	SNPs	Max_eQTL_P
rs10036748	ENSG00000019582	Spleen	0.0479244269823484	1617	0.998887
rs10036748	ENSG00000070614	Spleen	0.108112676570955	1617	0.999544
rs10036748	ENSG00000070808	Spleen	0.0947717879977332	1484	0.997915
rs10036748	ENSG00000070814	Spleen	0.0500215237614897	1617	0.999169
rs10036748	ENSG00000086589	Spleen	0.0540122443420309	1617	0.999809
rs10036748	ENSG00000113140	Spleen	0.0469790928491027	1617	0.997535
rs10036748	ENSG00000113716	Spleen	0.00550637058124504	537	0.99696
rs10036748	ENSG00000113721	Spleen	0.0950301575167473	1033	0.997241
rs10036748	ENSG00000113722	Spleen	0.0489915789946032	1061	0.991516
rs10036748	ENSG00000123643	Spleen	0.0832049868447754	1617	0.998974
rs10036748	ENSG00000132912	Spleen	0.0890450322403889	1617	0.998962
rs10036748	ENSG00000145901	Spleen	0.167154048142576	1617	0.999787
rs10036748	ENSG00000145907	Spleen	0.050440988127928	1617	0.999741
rs10036748	ENSG00000145908	Spleen	0.0505802222208804	1617	0.997248
rs10036748	ENSG00000155850	Spleen	0.00316032598500137	371	0.992613
rs10036748	ENSG00000164296	Spleen	0.0060620799653544	538	0.997419
rs10036748	ENSG00000164587	Spleen	0.0526007719662328	1617	0.999395
rs10036748	ENSG00000164591	Spleen	0.0490375594779474	1617	0.999118
rs10036748	ENSG00000171992	Spleen	0.0913054356310035	1617	0.996825
rs10036748	ENSG00000177556	Spleen	0.077892956358919	1617	0.999649
rs10036748	ENSG00000182578	Spleen	0.0593129516728327	887	0.995438
rs10036748	ENSG00000183876	Spleen	0.0875223598180798	1617	0.998148
rs10036748	ENSG00000196743	Spleen	5.13260379830239e-14	1617	0.997933
rs10036748	ENSG00000197043	Spleen	0.00308213146351801	1617	0.996015
rs10036748	ENSG00000198624	Spleen	0.0807757516653381	1617	0.991971
rs10036748	ENSG00000211445	Spleen	0.0886511301694232	1617	0.999396
rs10036748	ENSG00000237693	Spleen	0.032878941050388	1617	0.999925
rs10036748	ENSG00000249035	Spleen	0.050118870658529	1617	0.996216
rs10036748	ENSG00000253852	Spleen	0.0976246742214555	1617	0.999495
rs10036748	ENSG00000253921	Spleen	0.0579719344839721	1617	0.999548
rs10036748	ENSG00000254298	Spleen	0.0737160745157219	1617	0.999722
rs10036748	ENSG00000254333	Spleen	0.0493955398672223	1617	0.999965
rs10036748	ENSG00000256235	Spleen	0.0513696779011436	1617	0.99884
rs10036748	ENSG00000260581	Spleen	0.0484874349470404	1617	0.999181
rs10036748	ENSG00000271795	Spleen	0.068062765794997	1617	0.998536
rs10036748	ENSG00000275765	Spleen	0.0467640527801913	1617	0.99338
rs10036748	ENSG00000286331	Spleen	0.0466547243429154	1617	0.99943
rs10036748	ENSG00000286657	Spleen	0.050500184480095	1617	0.998856
rs10036748	ENSG00000019582	Whole_Blood	0.0332070569797562	1631	0.999858
rs10036748	ENSG00000070614	Whole_Blood	0.0650570946206886	1631	0.998564
rs10036748	ENSG00000070814	Whole_Blood	0.0340993785218654	1631	0.998609
rs10036748	ENSG00000086589	Whole_Blood	0.0415969289141404	1631	0.998853
rs10036748	ENSG00000113140	Whole_Blood	0.0421753268175852	1631	0.999702
rs10036748	ENSG00000113716	Whole_Blood	0.00342942916970426	538	0.996916
rs10036748	ENSG00000113721	Whole_Blood	0.0470957858503194	1036	0.99933
rs10036748	ENSG00000123643	Whole_Blood	0.0458593349269286	1631	0.999134
rs10036748	ENSG00000132912	Whole_Blood	0.033674331462754	1631	0.999844
rs10036748	ENSG00000145901	Whole_Blood	0.00104794411864197	1631	0.997141
rs10036748	ENSG00000145907	Whole_Blood	0.233444160275935	1631	0.999396
rs10036748	ENSG00000145908	Whole_Blood	0.0463027605888931	1631	0.999899
rs10036748	ENSG00000155850	Whole_Blood	0.0290152877742085	372	0.99846
rs10036748	ENSG00000164296	Whole_Blood	0.00518912394694999	539	0.994132
rs10036748	ENSG00000164587	Whole_Blood	0.0327383606224001	1631	0.999835
rs10036748	ENSG00000171992	Whole_Blood	0.0466186122611363	1631	0.999922
rs10036748	ENSG00000177556	Whole_Blood	0.299293918028182	1631	0.999425
rs10036748	ENSG00000182578	Whole_Blood	0.0360113901975971	889	0.998862
rs10036748	ENSG00000196743	Whole_Blood	8.05007982041473e-18	1631	0.998362
rs10036748	ENSG00000197043	Whole_Blood	5.57984550104562e-11	1631	0.999887
rs10036748	ENSG00000198624	Whole_Blood	0.0485092122714119	1631	0.999686
rs10036748	ENSG00000211445	Whole_Blood	0.0542048225711181	1631	0.999119
rs10036748	ENSG00000253921	Whole_Blood	0.326310934401873	1631	0.999322
rs10036748	ENSG00000254298	Whole_Blood	0.048759086727469	1631	0.999619
rs10036748	ENSG00000256235	Whole_Blood	0.0963253639292675	1631	0.999469
rs10036748	ENSG00000271795	Whole_Blood	0.0732261256335769	1631	0.999069
rs10036748	ENSG00000275765	Whole_Blood	0.0357290118704143	1631	0.999438
rs10036748	ENSG00000286331	Whole_Blood	0.0333342543146297	1631	0.99902
rs1078324	ENSG00000019582	Spleen	0.0665673169922601	1188	0.99758
rs1078324	ENSG00000070614	Spleen	0.152291391806622	1188	0.99987
rs1078324	ENSG00000070808	Spleen	0.0655946481756257	1188	0.998442
rs1078324	ENSG00000070814	Spleen	0.0668442774446815	1188	0.999828
rs1078324	ENSG00000113712	Spleen	0.0666186164406234	1188	0.998717
rs1078324	ENSG00000113716	Spleen	0.0494236211663133	1188	0.998938
rs1078324	ENSG00000113721	Spleen	0.0720839353249831	1188	0.999743
rs1078324	ENSG00000113722	Spleen	0.0726110353720675	1188	0.998432
rs1078324	ENSG00000127743	Spleen	0.066740380865306	1188	0.999634
rs1078324	ENSG00000145882	Spleen	0.0664380111285464	1188	0.998928
rs1078324	ENSG00000155846	Spleen	0.0752323384771489	1188	0.998342
rs1078324	ENSG00000155850	Spleen	0.077712725539367	1188	0.998388
rs1078324	ENSG00000157510	Spleen	0.0680431173481979	1188	0.997412
rs1078324	ENSG00000164284	Spleen	0.0745364407187999	1188	0.999876
rs1078324	ENSG00000164296	Spleen	0.0592957537675719	1188	0.997373
rs1078324	ENSG00000164587	Spleen	0.06800333091512	1188	0.99786
rs1078324	ENSG00000169252	Spleen	0.0916756729090319	685	0.999786
rs1078324	ENSG00000173210	Spleen	0.0733125266209148	1188	0.99872
rs1078324	ENSG00000182578	Spleen	0.0664013616636338	1188	0.999825
rs1078324	ENSG00000183111	Spleen	0.0645204411555506	1188	0.999977
rs1078324	ENSG00000183876	Spleen	0.0737384884855836	1188	0.999676
rs1078324	ENSG00000230551	Spleen	0.0678148977373089	1188	0.9998
rs1078324	ENSG00000249669	Spleen	0.0831266960960127	1188	0.999708
rs1078324	ENSG00000253618	Spleen	0.0722354066544328	1188	0.999611
rs1078324	ENSG00000253865	Spleen	0.0661140077727711	1188	0.998858
rs1078324	ENSG00000254333	Spleen	0.0661199014872621	1188	0.999524
rs1078324	ENSG00000272411	Spleen	0.0837545819138865	1002	0.998714
rs1078324	ENSG00000285736	Spleen	0.11096160782949	1188	0.99939
rs1078324	ENSG00000286331	Spleen	0.0683072590938804	1188	0.996893
rs1078324	ENSG00000171992	Spleen	0.0672684772683321	1115	0.998949
rs1078324	ENSG00000253852	Spleen	0.070017765925747	1075	0.997401
rs1078324	ENSG00000286657	Spleen	0.0780205217868148	1040	0.995469
rs1078324	ENSG00000164591	Spleen	0.0679404550347892	930	0.999986
rs1078324	ENSG00000086589	Spleen	0.071496326129013	841	0.999419
rs1078324	ENSG00000132912	Spleen	0.0837666723501194	704	0.998843
rs1078324	ENSG00000256235	Spleen	0.0887341140760882	650	0.999464
rs1078324	ENSG00000237693	Spleen	0.00296307480433889	459	0.996534
rs1078324	ENSG00000145908	Spleen	0.00216219779080569	326	0.998668
rs1078324	ENSG00000211445	Spleen	0.000735098130115427	122	0.9712
rs1078324	ENSG00000019582	Whole_Blood	0.05395114216363	1215	0.997817
rs1078324	ENSG00000070614	Whole_Blood	0.0537117991684919	1215	0.996503
rs1078324	ENSG00000070814	Whole_Blood	0.0694548174141717	1215	0.999601
rs1078324	ENSG00000113712	Whole_Blood	0.0542683829049028	1215	0.999678
rs1078324	ENSG00000113716	Whole_Blood	3.74690044895116e-05	1215	0.998202
rs1078324	ENSG00000113721	Whole_Blood	0.065418842469048	1215	0.999454
rs1078324	ENSG00000145882	Whole_Blood	0.0533671022878936	1215	0.999903
rs1078324	ENSG00000155846	Whole_Blood	0.0510919980305824	1215	0.998798
rs1078324	ENSG00000155850	Whole_Blood	0.0652890016218694	1215	0.999639
rs1078324	ENSG00000164284	Whole_Blood	0.0902725795244293	1215	0.999145
rs1078324	ENSG00000164296	Whole_Blood	0.0862659118174422	1215	0.999745
rs1078324	ENSG00000164587	Whole_Blood	0.0905722227082054	1215	0.997879
rs1078324	ENSG00000169252	Whole_Blood	0.0524385977859368	697	0.995719
rs1078324	ENSG00000173210	Whole_Blood	0.0521188090148193	1215	0.997678
rs1078324	ENSG00000182578	Whole_Blood	0.0626107962673762	1215	0.999761
rs1078324	ENSG00000183111	Whole_Blood	0.0827302698924295	1215	0.999978
rs1078324	ENSG00000230551	Whole_Blood	0.0850200561764825	1215	0.99894
rs1078324	ENSG00000253865	Whole_Blood	0.0790086639848503	1215	0.999331
rs1078324	ENSG00000272411	Whole_Blood	0.0552896613606991	1025	0.998865
rs1078324	ENSG00000286331	Whole_Blood	0.0798292767264114	1215	0.999563
rs1078324	ENSG00000171992	Whole_Blood	0.0668168879269088	1138	0.999407
rs1078324	ENSG00000086589	Whole_Blood	0.0756295075290453	859	0.997783
rs1078324	ENSG00000132912	Whole_Blood	0.0584815485123562	722	0.998291
rs1078324	ENSG00000256235	Whole_Blood	0.067003234200674	667	0.998926
rs1078324	ENSG00000145908	Whole_Blood	0.00156427569476147	335	0.999395
rs1078324	ENSG00000211445	Whole_Blood	0.00124887018195236	122	0.982171
rs10912578	ENSG00000076321	Spleen	0.0613819740082336	1042	0.998703
rs10912578	ENSG00000094975	Spleen	0.0895543252610695	1042	0.998704
rs10912578	ENSG00000117560	Spleen	0.0933892624568422	1042	0.999123
rs10912578	ENSG00000117586	Spleen	0.073749462442775	1042	0.999792
rs10912578	ENSG00000117592	Spleen	0.127941868288741	1042	0.999856
rs10912578	ENSG00000117593	Spleen	0.0847537495176038	1042	0.999479
rs10912578	ENSG00000117601	Spleen	0.0555022511025908	1042	0.998596
rs10912578	ENSG00000120334	Spleen	0.0570372793507314	1042	0.997673
rs10912578	ENSG00000135845	Spleen	0.0657215985525435	869	0.994105
rs10912578	ENSG00000135870	Spleen	0.119077574782437	1042	0.998852
rs10912578	ENSG00000162753	Spleen	0.053268232585325	1042	0.999152
rs10912578	ENSG00000185278	Spleen	0.0712523948198685	1042	0.992379
rs10912578	ENSG00000203739	Spleen	0.1519088843456	1042	0.999404
rs10912578	ENSG00000224977	Spleen	0.0496805315185315	1042	0.997584
rs10912578	ENSG00000226375	Spleen	0.00125938756759621	1042	0.999184
rs10912578	ENSG00000230630	Spleen	0.00929965002412654	188	0.95067
rs10912578	ENSG00000234741	Spleen	0.0966059312695543	1042	0.998631
rs10912578	ENSG00000270084	Spleen	0.0823272773079732	1042	0.999935
rs10912578	ENSG00000285777	Spleen	0.048419249430306	1042	0.999753
rs10912578	ENSG00000152061	Spleen	0.0505668931814416	819	0.998789
rs10912578	ENSG00000076321	Whole_Blood	0.0775902074306493	1066	0.999265
rs10912578	ENSG00000094975	Whole_Blood	0.0847425879366192	1066	0.998969
rs10912578	ENSG00000117560	Whole_Blood	0.0693658185325743	1066	0.996534
rs10912578	ENSG00000117586	Whole_Blood	0.0342913547328234	1066	0.995392
rs10912578	ENSG00000117592	Whole_Blood	8.15113874275664e-09	1066	0.997949
rs10912578	ENSG00000117593	Whole_Blood	0.05086721248317	1066	0.993851
rs10912578	ENSG00000117601	Whole_Blood	0.0432602549736443	1066	0.998738
rs10912578	ENSG00000120334	Whole_Blood	0.523508322333124	1066	0.994171
rs10912578	ENSG00000135845	Whole_Blood	0.034986229155776	891	0.997462
rs10912578	ENSG00000135870	Whole_Blood	0.0367629062220866	1066	0.998585
rs10912578	ENSG00000185278	Whole_Blood	0.0416419301860893	1066	0.999379
rs10912578	ENSG00000203739	Whole_Blood	0.348939294069914	1066	0.999703
rs10912578	ENSG00000234741	Whole_Blood	0.0388250796942794	1066	0.99932
rs10912578	ENSG00000236535	Whole_Blood	0.034496912970784	1066	0.99866
rs10912578	ENSG00000270084	Whole_Blood	0.0272891472802887	1066	0.999964
rs10912578	ENSG00000152061	Whole_Blood	0.0274435202313317	835	0.998015
rs11066188	ENSG00000089009	Spleen	0.0724992243301073	482	0.999675
rs11066188	ENSG00000089022	Spleen	0.0558916975480888	482	0.980451
rs11066188	ENSG00000089127	Spleen	0.047763727205903	482	0.9934
rs11066188	ENSG00000089169	Spleen	0.0492499471503059	482	0.986233
rs11066188	ENSG00000089234	Spleen	0.0716953669471543	482	0.989574
rs11066188	ENSG00000089248	Spleen	0.0852231858253327	482	0.99205
rs11066188	ENSG00000111252	Spleen	0.0570305436652305	468	0.998791
rs11066188	ENSG00000111271	Spleen	0.113793784239011	482	0.996531
rs11066188	ENSG00000111275	Spleen	0.0670408080383403	482	0.998576
rs11066188	ENSG00000111300	Spleen	0.146527789467232	482	0.836691
rs11066188	ENSG00000135148	Spleen	0.0467338390039531	482	0.995932
rs11066188	ENSG00000173064	Spleen	0.0542896091159794	482	0.988372
rs11066188	ENSG00000179295	Spleen	0.240153282323285	482	0.998445
rs11066188	ENSG00000198270	Spleen	0.0394863043518311	482	0.978977
rs11066188	ENSG00000198324	Spleen	0.0474510494972652	424	0.996367
rs11066188	ENSG00000204842	Spleen	0.0571427047869494	482	0.998104
rs11066188	ENSG00000234608	Spleen	0.0496171715320699	482	0.975763
rs11066188	ENSG00000257595	Spleen	0.0991110390763013	424	0.989226
rs11066188	ENSG00000258099	Spleen	0.108644807478168	482	0.974857
rs11066188	ENSG00000274227	Spleen	0.124468911944319	482	0.994013
rs11066188	ENSG00000111331	Spleen	0.0604571913861365	466	0.997756
rs11066188	ENSG00000111335	Spleen	0.0477268285838866	411	0.986722
rs11066188	ENSG00000135144	Spleen	0.0490705479992722	318	0.984888
rs11066188	ENSG00000111344	Spleen	0.0485107195168002	255	0.98596
rs11066188	ENSG00000186710	Spleen	0.0607789653006797	247	0.984787
rs11066188	ENSG00000123064	Spleen	0.0626375284394377	215	0.992312
rs11066188	ENSG00000139405	Spleen	0.0711180494164998	215	0.999686
rs11066188	ENSG00000166578	Spleen	0.0481623605628217	184	0.972352
rs11066188	ENSG00000186815	Spleen	0.0514968205922593	184	0.886682
rs11066188	ENSG00000277566	Spleen	0.0503585428560003	160	0.96661
rs11066188	ENSG00000089060	Spleen	0.0500849830135241	62	0.993575
rs11066188	ENSG00000151176	Spleen	0.0481309385576126	62	0.971514
rs11066188	ENSG00000089009	Whole_Blood	0.0357074023481551	484	0.996915
rs11066188	ENSG00000089022	Whole_Blood	0.0385651670012655	484	0.995002
rs11066188	ENSG00000089127	Whole_Blood	0.0325188344598208	484	0.984463
rs11066188	ENSG00000089169	Whole_Blood	0.0801389172506381	484	0.99754
rs11066188	ENSG00000089234	Whole_Blood	0.0312939511847029	484	0.972952
rs11066188	ENSG00000089248	Whole_Blood	0.0340451925764964	484	0.99101
rs11066188	ENSG00000111252	Whole_Blood	0.0315326927677789	470	0.986836
rs11066188	ENSG00000111271	Whole_Blood	0.0376637809883307	484	0.994412
rs11066188	ENSG00000111275	Whole_Blood	0.864065688816316	484	0.999782
rs11066188	ENSG00000111300	Whole_Blood	0.021116194411231	484	0.999334
rs11066188	ENSG00000135148	Whole_Blood	0.032160651747201	484	0.996858
rs11066188	ENSG00000173064	Whole_Blood	0.0356667696312512	484	0.985992
rs11066188	ENSG00000179295	Whole_Blood	0.23865917061665	484	0.991523
rs11066188	ENSG00000198270	Whole_Blood	6.01280687988749e-05	484	0.977466
rs11066188	ENSG00000198324	Whole_Blood	0.310657661112214	426	0.997411
rs11066188	ENSG00000204842	Whole_Blood	0.0652390261700184	484	0.994023
rs11066188	ENSG00000234608	Whole_Blood	0.000331217803657729	484	0.959828
rs11066188	ENSG00000257595	Whole_Blood	0.104577855417591	426	0.999765
rs11066188	ENSG00000274227	Whole_Blood	0.0390094138743598	484	0.981276
rs11066188	ENSG00000111331	Whole_Blood	0.0351779305000505	468	0.999133
rs11066188	ENSG00000111335	Whole_Blood	0.0319169105235055	413	0.998517
rs11066188	ENSG00000135144	Whole_Blood	0.0402463645560051	320	0.999071
rs11066188	ENSG00000123064	Whole_Blood	0.0588399801153287	216	0.973116
rs11066188	ENSG00000139405	Whole_Blood	0.0660474249763851	216	0.977549
rs11066188	ENSG00000186815	Whole_Blood	0.0765106916127071	185	0.953332
rs11066188	ENSG00000277566	Whole_Blood	0.0859572798053028	161	0.98661
rs11066188	ENSG00000089060	Whole_Blood	0.10076242562092	62	0.956829
rs11066188	ENSG00000151176	Whole_Blood	0.0929552408862966	62	0.997219
rs11066320	ENSG00000089009	Spleen	0.0676424784131178	551	0.999675
rs11066320	ENSG00000089022	Spleen	0.0527694673342899	551	0.994902
rs11066320	ENSG00000089127	Spleen	0.0484792306964325	551	0.989817
rs11066320	ENSG00000089169	Spleen	0.049288653874797	551	0.996551
rs11066320	ENSG00000089234	Spleen	0.0646344598226592	495	0.999073
rs11066320	ENSG00000089248	Spleen	0.0805770267424705	551	0.993906
rs11066320	ENSG00000111252	Spleen	0.0547160260804469	172	0.970755
rs11066320	ENSG00000111271	Spleen	0.0958882038683855	495	0.991806
rs11066320	ENSG00000111275	Spleen	0.0647245063664943	551	0.997699
rs11066320	ENSG00000111300	Spleen	0.302263241578805	551	0.996283
rs11066320	ENSG00000111331	Spleen	0.0551964243710978	551	0.997756
rs11066320	ENSG00000111335	Spleen	0.0508842216771622	551	0.986722
rs11066320	ENSG00000111344	Spleen	0.0491559213615534	551	0.997113
rs11066320	ENSG00000123064	Spleen	0.0574860403698906	551	0.998268
rs11066320	ENSG00000135144	Spleen	0.0492677931394591	551	0.994035
rs11066320	ENSG00000135148	Spleen	0.0481742862494274	551	0.993083
rs11066320	ENSG00000139405	Spleen	0.0600267893557406	551	0.999686
rs11066320	ENSG00000173064	Spleen	0.0748532161767994	551	0.991749
rs11066320	ENSG00000179295	Spleen	0.231366962950261	551	0.998445
rs11066320	ENSG00000186710	Spleen	0.0598388087505695	551	0.998964
rs11066320	ENSG00000198270	Spleen	0.0398552983780632	551	0.998604
rs11066320	ENSG00000198324	Spleen	0.0485424603781049	128	0.972436
rs11066320	ENSG00000204842	Spleen	0.0536456440589579	395	0.998104
rs11066320	ENSG00000234608	Spleen	0.0498352510375036	551	0.998746
rs11066320	ENSG00000257595	Spleen	0.108116647217135	128	0.955459
rs11066320	ENSG00000258099	Spleen	0.115386646937658	395	0.966747
rs11066320	ENSG00000274227	Spleen	0.111045981273559	551	0.996891
rs11066320	ENSG00000166578	Spleen	0.0635350546036802	549	0.995241
rs11066320	ENSG00000186815	Spleen	0.0541707487585672	549	0.991723
rs11066320	ENSG00000277566	Spleen	0.0550010793508806	525	0.993983
rs11066320	ENSG00000089060	Spleen	0.0502953532339318	427	0.993735
rs11066320	ENSG00000151176	Spleen	0.0513438475214443	427	0.999219
rs11066320	ENSG00000139410	Spleen	0.0705606872186981	365	0.997438
rs11066320	ENSG00000135094	Spleen	0.0731349813353663	362	0.99601
rs11066320	ENSG00000089009	Whole_Blood	0.0360437057118657	554	0.999241
rs11066320	ENSG00000089022	Whole_Blood	0.0534913387956423	554	0.998226
rs11066320	ENSG00000089127	Whole_Blood	0.0329319600464424	554	0.998212
rs11066320	ENSG00000089169	Whole_Blood	0.0881265801399307	554	0.99887
rs11066320	ENSG00000089234	Whole_Blood	0.032907892700585	497	0.999386
rs11066320	ENSG00000089248	Whole_Blood	0.0350952104725033	554	0.998325
rs11066320	ENSG00000111252	Whole_Blood	0.0316262132217487	173	0.980491
rs11066320	ENSG00000111271	Whole_Blood	0.0382936704168984	497	0.998052
rs11066320	ENSG00000111275	Whole_Blood	0.875914198215001	554	0.993533
rs11066320	ENSG00000111300	Whole_Blood	0.0296182085485134	554	0.999334
rs11066320	ENSG00000111331	Whole_Blood	0.033842875750145	554	0.999133
rs11066320	ENSG00000111335	Whole_Blood	0.0351457039479905	554	0.997432
rs11066320	ENSG00000123064	Whole_Blood	0.0573951154492132	554	0.999624
rs11066320	ENSG00000135144	Whole_Blood	0.0407842937704695	554	0.999138
rs11066320	ENSG00000135148	Whole_Blood	0.0338458544799365	554	0.996088
rs11066320	ENSG00000139405	Whole_Blood	0.0598267457748114	554	0.997798
rs11066320	ENSG00000173064	Whole_Blood	0.0386841786722019	554	0.985992
rs11066320	ENSG00000179295	Whole_Blood	0.284175883061459	554	0.995008
rs11066320	ENSG00000198270	Whole_Blood	8.18377420005645e-05	554	0.999314
rs11066320	ENSG00000198324	Whole_Blood	0.312380720352619	129	0.997411
rs11066320	ENSG00000204842	Whole_Blood	0.0876539554719876	397	0.994023
rs11066320	ENSG00000234608	Whole_Blood	0.0111464036747605	554	0.984105
rs11066320	ENSG00000257595	Whole_Blood	0.100845616837155	129	0.991196
rs11066320	ENSG00000274227	Whole_Blood	0.0390923328965099	554	0.992048
rs11066320	ENSG00000186815	Whole_Blood	0.0757417729719494	552	0.993432
rs11066320	ENSG00000277566	Whole_Blood	0.101624803515252	528	0.994062
rs11066320	ENSG00000089060	Whole_Blood	0.156758252601425	429	0.988381
rs11066320	ENSG00000151176	Whole_Blood	0.31859884541584	429	0.997219
rs11066320	ENSG00000139410	Whole_Blood	0.0408481633177733	367	0.998864
rs11066320	ENSG00000135094	Whole_Blood	0.0330237703538077	364	0.997486
rs11998678	ENSG00000079459	Spleen	0.0473339727180943	1540	0.997605
rs11998678	ENSG00000104643	Spleen	0.198924904066198	1540	0.992576
rs11998678	ENSG00000136573	Spleen	0.0640887469954568	1540	0.999496
rs11998678	ENSG00000154319	Spleen	0.371194971132389	1540	0.999031
rs11998678	ENSG00000154328	Spleen	0.00295964511442316	1540	0.999858
rs11998678	ENSG00000164733	Spleen	0.293422198884013	1540	0.998266
rs11998678	ENSG00000171044	Spleen	0.81545553144299	1540	0.999467
rs11998678	ENSG00000177710	Spleen	0.85048844287738	1540	0.999707
rs11998678	ENSG00000186523	Spleen	0.162210092777433	1540	0.998885
rs11998678	ENSG00000227888	Spleen	0.103578323182405	1540	0.99883
rs11998678	ENSG00000246477	Spleen	0.0697318304921334	1540	0.99366
rs11998678	ENSG00000254093	Spleen	0.0527730088411322	564	0.999336
rs11998678	ENSG00000254936	Spleen	0.0657067640807126	1540	0.998345
rs11998678	ENSG00000255046	Spleen	0.0863067351898965	1540	0.999303
rs11998678	ENSG00000255310	Spleen	0.974953592830214	1540	0.999117
rs11998678	ENSG00000255495	Spleen	0.179825992410781	1540	0.998857
rs11998678	ENSG00000269918	Spleen	0.814711329014761	1540	0.999952
rs11998678	ENSG00000269954	Spleen	0.0998001082444515	1540	0.999046
rs11998678	ENSG00000270076	Spleen	0.320090624171055	1540	0.997513
rs11998678	ENSG00000270154	Spleen	0.296429841687842	1540	0.998945
rs11998678	ENSG00000283674	Spleen	0.867609656416546	1540	0.995006
rs11998678	ENSG00000284957	Spleen	0.888594897864291	1540	0.955324
rs11998678	ENSG00000154359	Spleen	0.201071720152696	1420	0.998379
rs11998678	ENSG00000250305	Spleen	0.28442163612876	362	0.998459
rs11998678	ENSG00000079459	Whole_Blood	0.303534858456921	1561	0.999742
rs11998678	ENSG00000104643	Whole_Blood	0.0324675343005599	1561	0.998525
rs11998678	ENSG00000136573	Whole_Blood	0.0924757987906364	1561	0.999594
rs11998678	ENSG00000154328	Whole_Blood	0.535102013620263	1561	0.998592
rs11998678	ENSG00000164733	Whole_Blood	0.000359093079512591	1561	0.994743
rs11998678	ENSG00000171044	Whole_Blood	0.148369661621303	1561	0.997421
rs11998678	ENSG00000254093	Whole_Blood	0.0467562598776595	580	0.994595
rs11998678	ENSG00000255310	Whole_Blood	0.775945400387016	1560	0.997694
rs11998678	ENSG00000269918	Whole_Blood	0.94387570974339	1560	0.993357
rs11998678	ENSG00000269954	Whole_Blood	0.0529577433550172	1561	0.998956
rs11998678	ENSG00000154359	Whole_Blood	0.0405490224110882	1436	0.999046
rs12533633	ENSG00000006704	Spleen	0.0795498886007156	578	0.993494
rs12533633	ENSG00000009950	Spleen	0.0932832529057726	482	0.99446
rs12533633	ENSG00000009954	Spleen	0.0846066236901958	392	0.998469
rs12533633	ENSG00000049540	Spleen	0.0828593972425076	578	0.998418
rs12533633	ENSG00000049541	Spleen	0.0838675825344737	578	0.999327
rs12533633	ENSG00000071462	Spleen	0.0876631798620923	532	0.986885
rs12533633	ENSG00000086730	Spleen	0.0829493121021813	578	0.99799
rs12533633	ENSG00000106077	Spleen	0.0807948365335352	577	0.999501
rs12533633	ENSG00000106089	Spleen	0.0813172714734405	569	0.99506
rs12533633	ENSG00000106635	Spleen	0.0809749663469547	440	0.984003
rs12533633	ENSG00000106638	Spleen	0.0814426389081338	458	0.997959
rs12533633	ENSG00000106665	Spleen	0.0738783041056167	578	0.997154
rs12533633	ENSG00000106682	Spleen	0.0884002813557423	578	0.993008
rs12533633	ENSG00000106683	Spleen	0.0830852208480948	578	0.998087
rs12533633	ENSG00000130305	Spleen	0.00170665441324816	70	0.987572
rs12533633	ENSG00000146755	Spleen	0.00112453799281882	89	0.967359
rs12533633	ENSG00000158517	Spleen	0.0821377600883923	578	0.994329
rs12533633	ENSG00000165171	Spleen	0.0997762844068094	578	0.999115
rs12533633	ENSG00000165215	Spleen	0.0804427391132156	577	0.99938
rs12533633	ENSG00000174428	Spleen	0.0784960678385172	578	0.997661
rs12533633	ENSG00000176410	Spleen	0.0799171931384097	533	0.9979
rs12533633	ENSG00000176428	Spleen	0.0864584270187423	519	0.998788
rs12533633	ENSG00000184616	Spleen	0.0497311420883002	578	0.999791
rs12533633	ENSG00000188763	Spleen	0.0856337205315804	262	0.998114
rs12533633	ENSG00000189143	Spleen	0.0785140403036893	578	0.99328
rs12533633	ENSG00000196275	Spleen	0.0474449685506172	578	0.999447
rs12533633	ENSG00000232415	Spleen	0.0838836686344284	578	0.998967
rs12533633	ENSG00000232729	Spleen	0.0873029010387071	578	0.997506
rs12533633	ENSG00000263001	Spleen	0.000213257382817804	578	0.998058
rs12533633	ENSG00000273069	Spleen	0.0899875350109615	578	0.998296
rs12533633	ENSG00000274070	Spleen	0.0786895341262413	578	0.999367
rs12533633	ENSG00000274523	Spleen	0.0880208030738803	578	0.998003
rs12533633	ENSG00000178809	Spleen	0.0909248738716581	391	0.998957
rs12533633	ENSG00000272391	Spleen	0.0848232990016639	240	0.998066
rs12533633	ENSG00000170092	Spleen	0.0816834378111778	225	0.995574
rs12533633	ENSG00000009950	Whole_Blood	0.0812812204355551	491	0.999468
rs12533633	ENSG00000009954	Whole_Blood	0.078794896034251	399	0.996464
rs12533633	ENSG00000049540	Whole_Blood	0.0839618250346532	594	0.99984
rs12533633	ENSG00000049541	Whole_Blood	0.00739203908228032	594	0.995795
rs12533633	ENSG00000071462	Whole_Blood	0.113955892836078	545	0.99942
rs12533633	ENSG00000086730	Whole_Blood	0.00161069390651026	594	0.99976
rs12533633	ENSG00000106077	Whole_Blood	0.0885278762976949	592	0.999759
rs12533633	ENSG00000106089	Whole_Blood	0.0755077919563853	584	0.999565
rs12533633	ENSG00000106635	Whole_Blood	0.0828278678247117	449	0.999335
rs12533633	ENSG00000106638	Whole_Blood	0.112484856602251	467	0.988893
rs12533633	ENSG00000106665	Whole_Blood	0.0723164194473139	594	0.998517
rs12533633	ENSG00000106682	Whole_Blood	0.0719510733048514	594	0.999025
rs12533633	ENSG00000106683	Whole_Blood	0.0590628812453175	594	0.999438
rs12533633	ENSG00000130305	Whole_Blood	0.00130951856431258	73	0.99431
rs12533633	ENSG00000158517	Whole_Blood	0.101351496343779	594	0.999727
rs12533633	ENSG00000165171	Whole_Blood	0.15345250924005	594	0.996666
rs12533633	ENSG00000174428	Whole_Blood	0.0749801932390442	594	0.99869
rs12533633	ENSG00000176410	Whole_Blood	0.0841405373832462	546	0.999261
rs12533633	ENSG00000263001	Whole_Blood	0.00020390759261862	594	0.99932
rs12533633	ENSG00000274070	Whole_Blood	0.0742584656944862	594	0.997908
rs12533633	ENSG00000274523	Whole_Blood	0.0787030922742052	594	0.992165
rs12533633	ENSG00000272391	Whole_Blood	0.0983236229119706	251	0.999008
rs12533633	ENSG00000170092	Whole_Blood	0.0763218414550019	236	0.999484
rs12928726	ENSG00000038532	Spleen	0.112571397904878	1437	0.999009
rs12928726	ENSG00000103274	Spleen	0.0480222365785741	1437	0.99971
rs12928726	ENSG00000122299	Spleen	0.0496420662506398	1437	0.999999
rs12928726	ENSG00000122304	Spleen	0.0546124097983104	1437	0.997708
rs12928726	ENSG00000153066	Spleen	0.27995056707539	1437	0.998629
rs12928726	ENSG00000166669	Spleen	0.0970094402328066	1350	0.994973
rs12928726	ENSG00000166676	Spleen	0.105795407265976	1437	0.997703
rs12928726	ENSG00000175643	Spleen	0.0022889812721248	1437	0.999787
rs12928726	ENSG00000175646	Spleen	0.0594120090710319	1437	0.999469
rs12928726	ENSG00000179583	Spleen	0.0498631664331012	1437	0.999656
rs12928726	ENSG00000182108	Spleen	0.0749034646536308	1437	0.997975
rs12928726	ENSG00000184602	Spleen	0.071095881488724	1437	0.996375
rs12928726	ENSG00000185338	Spleen	0.0593533610346465	1437	0.999111
rs12928726	ENSG00000188897	Spleen	0.0596647336190376	1437	0.998006
rs12928726	ENSG00000189067	Spleen	0.0479932576199853	1437	0.999981
rs12928726	ENSG00000213853	Spleen	0.0517090944405795	1437	0.999548
rs12928726	ENSG00000260310	Spleen	0.132109948119197	1437	0.995549
rs12928726	ENSG00000260468	Spleen	0.0474112060375833	1437	0.999973
rs12928726	ENSG00000262151	Spleen	0.0482085043216763	1437	0.999539
rs12928726	ENSG00000262703	Spleen	0.0177765525519314	1437	0.997134
rs12928726	ENSG00000262999	Spleen	0.0500081248589882	1437	0.998928
rs12928726	ENSG00000263033	Spleen	0.0477356923532998	1437	0.997389
rs12928726	ENSG00000263080	Spleen	0.042808282450751	1437	0.998149
rs12928726	ENSG00000274038	Spleen	0.20398182690727	1437	0.999886
rs12928726	ENSG00000277369	Spleen	0.0641620118841819	1437	0.999799
rs12928726	ENSG00000287121	Spleen	0.0542796974525701	1437	0.999344
rs12928726	ENSG00000289023	Spleen	0.0491263357469115	1437	0.999907
rs12928726	ENSG00000289073	Spleen	0.0531458449162492	1437	0.999566
rs12928726	ENSG00000171490	Spleen	0.0505940528921056	1430	0.998767
rs12928726	ENSG00000263307	Spleen	0.063724313102777	1429	0.999935
rs12928726	ENSG00000261560	Spleen	0.0527902506959331	1342	0.994965
rs12928726	ENSG00000261216	Spleen	0.0590856047173336	1290	0.999234
rs12928726	ENSG00000103342	Spleen	0.0504531039835801	1258	0.997899
rs12928726	ENSG00000048462	Spleen	0.0665800887242616	1129	0.999676
rs12928726	ENSG00000048471	Spleen	0.0738225800005027	1099	0.996268
rs12928726	ENSG00000234719	Spleen	0.0384320100109471	1099	0.998384
rs12928726	ENSG00000038532	Whole_Blood	0.0914216110410839	1461	0.999205
rs12928726	ENSG00000103274	Whole_Blood	0.0387164310033731	1461	0.999957
rs12928726	ENSG00000122299	Whole_Blood	0.0323843158619173	1461	0.997963
rs12928726	ENSG00000122304	Whole_Blood	0.0349576040636029	1461	0.999937
rs12928726	ENSG00000153066	Whole_Blood	0.0326189807178675	1461	0.998914
rs12928726	ENSG00000166669	Whole_Blood	0.033730573334361	1373	0.999377
rs12928726	ENSG00000166676	Whole_Blood	0.0359400730505255	1461	0.998859
rs12928726	ENSG00000175643	Whole_Blood	0.0525569998530343	1461	0.999794
rs12928726	ENSG00000175646	Whole_Blood	0.032589282897258	1461	0.999388
rs12928726	ENSG00000179583	Whole_Blood	0.0325326853576711	1461	0.999144
rs12928726	ENSG00000182108	Whole_Blood	0.46283671258184	1461	0.998854
rs12928726	ENSG00000184602	Whole_Blood	0.0324022479107936	1461	0.999166
rs12928726	ENSG00000185338	Whole_Blood	0.0367408451712636	1461	0.999178
rs12928726	ENSG00000188897	Whole_Blood	0.0466427128851445	1461	0.999555
rs12928726	ENSG00000189067	Whole_Blood	0.032753050492395	1461	0.999185
rs12928726	ENSG00000262703	Whole_Blood	0.0319657384246188	1461	0.999838
rs12928726	ENSG00000262999	Whole_Blood	0.0333969843040607	1461	0.999995
rs12928726	ENSG00000263033	Whole_Blood	0.032191753491603	1461	0.99966
rs12928726	ENSG00000274038	Whole_Blood	0.0485460674762782	1461	0.999669
rs12928726	ENSG00000277369	Whole_Blood	0.134665851648313	1461	0.998922
rs12928726	ENSG00000171490	Whole_Blood	0.037045631874283	1454	0.999304
rs12928726	ENSG00000263307	Whole_Blood	0.0328906424065637	1453	0.999037
rs12928726	ENSG00000261216	Whole_Blood	0.0357981578837502	1312	0.999355
rs12928726	ENSG00000103342	Whole_Blood	0.0422779726424906	1280	0.999617
rs12928726	ENSG00000048462	Whole_Blood	0.0360439631083481	1147	0.999791
rs12928726	ENSG00000048471	Whole_Blood	0.0323873159306299	1117	0.999714
rs12928726	ENSG00000234719	Whole_Blood	0.0340398426883465	1117	0.999473
rs13019891	ENSG00000114999	Spleen	0.0895717190602018	1404	0.997542
rs13019891	ENSG00000115008	Spleen	0.0507454655929317	1404	0.999335
rs13019891	ENSG00000115084	Spleen	0.0753306162765835	1404	0.999013
rs13019891	ENSG00000125538	Spleen	0.17685732180464	1404	0.998087
rs13019891	ENSG00000125611	Spleen	0.122368976249729	1404	0.993147
rs13019891	ENSG00000125618	Spleen	4.91209358831628e-45	1404	0.996885
rs13019891	ENSG00000125630	Spleen	0.0459995817477389	1404	0.999476
rs13019891	ENSG00000125637	Spleen	1.18120234137714e-52	1404	0.999686
rs13019891	ENSG00000136682	Spleen	0.116128930936151	1404	0.996864
rs13019891	ENSG00000136689	Spleen	0.149967831672854	1404	0.998778
rs13019891	ENSG00000144130	Spleen	0.0703333962337854	1404	0.99927
rs13019891	ENSG00000144134	Spleen	0.0878277073752352	1404	0.998279
rs13019891	ENSG00000144136	Spleen	0.116529881709263	1404	0.999804
rs13019891	ENSG00000144152	Spleen	0.605740076919887	883	0.999568
rs13019891	ENSG00000144161	Spleen	0.0471531887638146	1216	0.998912
rs13019891	ENSG00000153107	Spleen	0.000674523180468496	87	0.997978
rs13019891	ENSG00000153208	Spleen	0.000699205952519303	102	0.993861
rs13019891	ENSG00000153214	Spleen	0.00188927667280096	445	0.995053
rs13019891	ENSG00000169607	Spleen	0.048617128352292	1404	0.999408
rs13019891	ENSG00000169629	Spleen	0.0562581981300628	1404	0.997135
rs13019891	ENSG00000188177	Spleen	0.0468886007308374	1270	0.999706
rs13019891	ENSG00000189223	Spleen	9.20764975763726e-53	1404	0.982621
rs13019891	ENSG00000226516	Spleen	0.0555161241300506	1404	0.997235
rs13019891	ENSG00000227359	Spleen	0.0463328993898823	1404	0.99952
rs13019891	ENSG00000228251	Spleen	0.0834799367364574	1404	0.999804
rs13019891	ENSG00000231292	Spleen	0.0474079004862303	1404	0.998351
rs13019891	ENSG00000231943	Spleen	0.0549669082628565	1404	0.997051
rs13019891	ENSG00000234148	Spleen	0.080010001712758	1404	0.999054
rs13019891	ENSG00000234174	Spleen	0.0454144136458122	1404	0.999449
rs13019891	ENSG00000237753	Spleen	0.0460140832153955	1404	0.999955
rs13019891	ENSG00000243389	Spleen	0.0546588131609524	1404	0.998072
rs13019891	ENSG00000286545	Spleen	0.0490254029415592	1164	0.992692
rs13019891	ENSG00000286904	Spleen	0.00268022684388225	446	0.991261
rs13019891	ENSG00000287165	Spleen	0.0482358289389743	1404	0.998209
rs13019891	ENSG00000289035	Spleen	0.046714662057692	1404	0.999921
rs13019891	ENSG00000244063	Spleen	0.0860690224842235	1391	0.999839
rs13019891	ENSG00000115091	Spleen	0.0522252825923523	1310	0.99456
rs13019891	ENSG00000228857	Spleen	0.0710633943263041	1310	0.999706
rs13019891	ENSG00000270019	Spleen	0.349025013084653	1310	0.997671
rs13019891	ENSG00000234199	Spleen	0.0580002812105439	1142	0.999921
rs13019891	ENSG00000243179	Spleen	0.0472073112551934	1130	0.999348
rs13019891	ENSG00000114999	Whole_Blood	0.0357989343748308	1420	0.999937
rs13019891	ENSG00000115084	Whole_Blood	0.0359501505079027	1420	0.999237
rs13019891	ENSG00000125538	Whole_Blood	0.0422387529927566	1420	0.998263
rs13019891	ENSG00000125611	Whole_Blood	0.0408374451739672	1420	0.998698
rs13019891	ENSG00000125618	Whole_Blood	9.09951344945045e-53	1420	0.996423
rs13019891	ENSG00000125630	Whole_Blood	0.0642040890426544	1420	0.999891
rs13019891	ENSG00000125637	Whole_Blood	1.18120230215774e-52	1420	0.995882
rs13019891	ENSG00000136682	Whole_Blood	0.0316821060854149	1420	0.996824
rs13019891	ENSG00000136689	Whole_Blood	0.0415866444040753	1420	0.999281
rs13019891	ENSG00000144130	Whole_Blood	0.0311227353590616	1420	0.999804
rs13019891	ENSG00000144134	Whole_Blood	0.0323257887165567	1420	0.999989
rs13019891	ENSG00000144136	Whole_Blood	0.0715128772022085	1420	0.999909
rs13019891	ENSG00000144152	Whole_Blood	0.046819526852134	899	0.999231
rs13019891	ENSG00000144161	Whole_Blood	0.170345242531258	1232	0.99692
rs13019891	ENSG00000153107	Whole_Blood	0.00128771963228702	87	0.999501
rs13019891	ENSG00000153208	Whole_Blood	0.000574699832179057	103	0.999237
rs13019891	ENSG00000153214	Whole_Blood	0.00155424588917301	456	0.993061
rs13019891	ENSG00000169607	Whole_Blood	0.0309081710284251	1420	0.998938
rs13019891	ENSG00000188177	Whole_Blood	0.0609140702488609	1286	0.999877
rs13019891	ENSG00000189223	Whole_Blood	9.01218904100691e-53	1420	0.997498
rs13019891	ENSG00000227359	Whole_Blood	0.023516242550719	1420	0.999879
rs13019891	ENSG00000228251	Whole_Blood	0.0320218945554287	1420	0.99968
rs13019891	ENSG00000237753	Whole_Blood	0.0509409552180218	1420	0.999093
rs13019891	ENSG00000243389	Whole_Blood	0.037739820306649	1420	0.998297
rs13019891	ENSG00000286904	Whole_Blood	0.0013740917796613	457	0.988669
rs13019891	ENSG00000287165	Whole_Blood	0.288797065416742	1420	0.995432
rs13019891	ENSG00000289035	Whole_Blood	0.0487596730851623	1420	0.999733
rs13019891	ENSG00000244063	Whole_Blood	0.141771718535938	1407	0.997482
rs13019891	ENSG00000115091	Whole_Blood	0.0331645046580321	1325	0.999134
rs13019891	ENSG00000228857	Whole_Blood	0.0761354575836058	1325	0.999876
rs13019891	ENSG00000234199	Whole_Blood	0.0461416560118726	1153	0.999277
rs13019891	ENSG00000243179	Whole_Blood	0.0323942039499726	1140	0.998164
rs13135381	ENSG00000109320	Spleen	0.0508852666901773	1171	0.998544
rs13135381	ENSG00000138814	Spleen	0.0518580524310833	1171	0.998682
rs13135381	ENSG00000138821	Spleen	0.116426271468929	1171	0.999748
rs13135381	ENSG00000153064	Spleen	0.107218909619645	1171	0.997854
rs13135381	ENSG00000164035	Spleen	0.0568571985985147	841	0.998856
rs13135381	ENSG00000248161	Spleen	0.0607139871261642	1171	0.999972
rs13135381	ENSG00000251309	Spleen	0.0785377406138342	1171	0.999773
rs13135381	ENSG00000254531	Spleen	0.0101230529846342	1171	0.999847
rs13135381	ENSG00000260651	Spleen	0.546618105165196	1171	0.997614
rs13135381	ENSG00000109323	Spleen	0.0878443415070639	624	0.997368
rs13135381	ENSG00000286242	Spleen	0.0500766822054061	501	0.999863
rs13135381	ENSG00000246560	Spleen	0.050850679808109	461	0.994466
rs13135381	ENSG00000109332	Spleen	0.0588688020524911	366	0.996864
rs13135381	ENSG00000145354	Spleen	0.0789705498894365	366	0.972094
rs13135381	ENSG00000164037	Spleen	0.00363395509298411	104	0.988617
rs13135381	ENSG00000109320	Whole_Blood	0.0355819916767741	1205	0.999356
rs13135381	ENSG00000138814	Whole_Blood	0.0829770950918141	1205	0.996477
rs13135381	ENSG00000138821	Whole_Blood	0.0440647817603421	1205	0.99611
rs13135381	ENSG00000153064	Whole_Blood	0.0779886212142848	1205	0.999224
rs13135381	ENSG00000248161	Whole_Blood	0.0664625860444245	1205	0.999639
rs13135381	ENSG00000254531	Whole_Blood	3.67186004424151e-06	1205	0.996367
rs13135381	ENSG00000109323	Whole_Blood	0.119572556391495	649	0.997069
rs13135381	ENSG00000286242	Whole_Blood	0.0349005853254809	525	0.998688
rs13135381	ENSG00000246560	Whole_Blood	0.0386966501613447	483	0.998632
rs13135381	ENSG00000109332	Whole_Blood	0.0337021457822069	382	0.997886
rs13135381	ENSG00000145354	Whole_Blood	0.0332682859347672	382	0.999178
rs13332649	ENSG00000103194	Spleen	0.000195299098058961	64	0.985827
rs13332649	ENSG00000103196	Spleen	0.0043763635800045	324	0.99763
rs13332649	ENSG00000103241	Spleen	0.0402051496100288	1798	0.999514
rs13332649	ENSG00000103248	Spleen	0.0524896914011244	1798	0.999076
rs13332649	ENSG00000131143	Spleen	0.10881807722073	1798	0.999911
rs13332649	ENSG00000131148	Spleen	0.0517957298979751	1798	0.99967
rs13332649	ENSG00000131149	Spleen	0.0509833445101864	1763	0.999863
rs13332649	ENSG00000131153	Spleen	0.0508317024368537	1798	0.999832
rs13332649	ENSG00000135709	Spleen	0.0589618554935212	1068	0.999499
rs13332649	ENSG00000140968	Spleen	0.0626400473753232	1798	0.999038
rs13332649	ENSG00000153786	Spleen	0.0578003691785345	1039	0.999916
rs13332649	ENSG00000153789	Spleen	0.0854920177040519	1482	0.998876
rs13332649	ENSG00000154102	Spleen	0.0530275814795448	1798	0.998847
rs13332649	ENSG00000260340	Spleen	0.0199672308304793	670	0.997612
rs13332649	ENSG00000260859	Spleen	0.00267962902023959	333	0.990753
rs13332649	ENSG00000269667	Spleen	0.0509772380684184	1798	0.999974
rs13332649	ENSG00000269898	Spleen	0.0501494785313826	1798	0.999593
rs13332649	ENSG00000270020	Spleen	0.0786534519831015	1798	0.999315
rs13332649	ENSG00000270124	Spleen	0.0612227313464574	1798	0.999601
rs13332649	ENSG00000270159	Spleen	0.164193079502387	1798	0.999883
rs13332649	ENSG00000270184	Spleen	0.0617244579326595	1798	0.99931
rs13332649	ENSG00000275088	Spleen	0.0635565641821063	1679	0.999998
rs13332649	ENSG00000275393	Spleen	0.0516275789844368	1798	0.998749
rs13332649	ENSG00000278214	Spleen	0.0529138337857799	1634	0.99825
rs13332649	ENSG00000279622	Spleen	0.0142011008699327	656	0.999616
rs13332649	ENSG00000285163	Spleen	0.0528952484785495	1798	0.998918
rs13332649	ENSG00000285848	Spleen	0.00452037396184211	416	0.999173
rs13332649	ENSG00000287125	Spleen	0.0501259024431487	1798	0.998741
rs13332649	ENSG00000287787	Spleen	0.0706853318593312	1798	0.999671
rs13332649	ENSG00000103194	Whole_Blood	0.000235382241534516	66	0.935998
rs13332649	ENSG00000103196	Whole_Blood	0.00220354692025426	331	0.999691
rs13332649	ENSG00000103248	Whole_Blood	0.0409279378588741	1828	0.997953
rs13332649	ENSG00000131143	Whole_Blood	0.0389905223667662	1828	0.999472
rs13332649	ENSG00000131148	Whole_Blood	0.00384925675092686	1828	0.999459
rs13332649	ENSG00000131149	Whole_Blood	0.0482766178317359	1792	0.998722
rs13332649	ENSG00000131153	Whole_Blood	0.308341006665881	1828	0.999067
rs13332649	ENSG00000135709	Whole_Blood	0.0509002450286846	1083	0.999696
rs13332649	ENSG00000140968	Whole_Blood	0.162020763864897	1828	0.998503
rs13332649	ENSG00000153786	Whole_Blood	0.0363977511784295	1054	0.999944
rs13332649	ENSG00000154102	Whole_Blood	0.0366030290973953	1828	0.999931
rs13332649	ENSG00000260859	Whole_Blood	0.00288781409337858	340	0.998245
rs13332649	ENSG00000270124	Whole_Blood	0.111271791760692	1828	0.999287
rs13332649	ENSG00000270184	Whole_Blood	0.0351760743896407	1828	0.999346
rs13332649	ENSG00000275393	Whole_Blood	0.0417743076524002	1828	0.999673
rs13332649	ENSG00000285848	Whole_Blood	0.00361886358789537	424	0.996732
rs138214281	ENSG00000002834	Spleen	0.0817001537725913	515	0.983981
rs138214281	ENSG00000008838	Spleen	2.5155205528247e-05	1021	0.999498
rs138214281	ENSG00000067191	Spleen	0.202788945972476	1021	0.999476
rs138214281	ENSG00000073605	Spleen	0.819834963291996	1021	0.996708
rs138214281	ENSG00000094804	Spleen	0.199219579693523	1021	0.998162
rs138214281	ENSG00000108298	Spleen	0.061996329711179	1021	0.998969
rs138214281	ENSG00000108306	Spleen	0.069547709537369	1021	0.999031
rs138214281	ENSG00000108342	Spleen	0.00158227393304667	1021	0.994619
rs138214281	ENSG00000108344	Spleen	0.089987148434061	1021	0.99958
rs138214281	ENSG00000108349	Spleen	0.078840116187229	1021	0.998904
rs138214281	ENSG00000108352	Spleen	0.0788902495067437	1021	0.995803
rs138214281	ENSG00000125686	Spleen	0.0692318536720667	1021	0.999605
rs138214281	ENSG00000125691	Spleen	0.0822333461547936	473	0.998109
rs138214281	ENSG00000126351	Spleen	0.0752463792183605	1021	0.999842
rs138214281	ENSG00000126353	Spleen	0.0640091431486579	1021	0.996185
rs138214281	ENSG00000126368	Spleen	0.0640296845298946	1021	0.996519
rs138214281	ENSG00000131747	Spleen	0.0728339157617891	1021	0.999694
rs138214281	ENSG00000131748	Spleen	0.147347491317232	1021	0.989639
rs138214281	ENSG00000131759	Spleen	0.061024364807492	1021	0.999714
rs138214281	ENSG00000141736	Spleen	0.0944477025535022	1021	0.997871
rs138214281	ENSG00000141738	Spleen	0.0698968351163368	1021	0.996884
rs138214281	ENSG00000141741	Spleen	0.0664359915249651	1021	0.99897
rs138214281	ENSG00000141744	Spleen	0.0854718249634734	1021	0.998651
rs138214281	ENSG00000141750	Spleen	0.0670088693653625	1021	0.999301
rs138214281	ENSG00000141753	Spleen	0.0645492953070294	1021	0.999613
rs138214281	ENSG00000161381	Spleen	0.0643245219470559	1021	0.997392
rs138214281	ENSG00000161395	Spleen	0.0888225626617857	1021	0.997316
rs138214281	ENSG00000161405	Spleen	0.103040358700396	1021	0.99681
rs138214281	ENSG00000167258	Spleen	0.110013819788657	1021	0.999283
rs138214281	ENSG00000167914	Spleen	2.69898085242438e-05	1021	0.99813
rs138214281	ENSG00000171475	Spleen	0.0672532622562338	1021	0.996913
rs138214281	ENSG00000172057	Spleen	0.822816494452155	1021	0.996393
rs138214281	ENSG00000173991	Spleen	0.100365761224424	1021	0.996353
rs138214281	ENSG00000183153	Spleen	0.0824370465543053	1021	0.999999
rs138214281	ENSG00000186075	Spleen	0.880762533488169	1021	0.989195
rs138214281	ENSG00000188895	Spleen	0.131794043318063	1021	0.996687
rs138214281	ENSG00000214546	Spleen	0.0649284946126131	1021	0.991559
rs138214281	ENSG00000263466	Spleen	0.0777947295731475	587	0.997002
rs138214281	ENSG00000263874	Spleen	0.0763737804585906	644	0.998707
rs138214281	ENSG00000264968	Spleen	0.337401974535477	1021	0.990673
rs138214281	ENSG00000265666	Spleen	0.0736510677991556	1021	0.998678
rs138214281	ENSG00000266088	Spleen	0.103780540383528	1021	0.998986
rs138214281	ENSG00000266469	Spleen	0.0782212980621296	1021	0.995286
rs138214281	ENSG00000273559	Spleen	0.0692850662611295	419	0.999744
rs138214281	ENSG00000273576	Spleen	0.0650197860842836	1021	0.998312
rs138214281	ENSG00000273604	Spleen	0.108526544677858	189	0.996547
rs138214281	ENSG00000275023	Spleen	0.175083615853268	252	0.999577
rs138214281	ENSG00000275532	Spleen	0.0571950378774075	253	0.968662
rs138214281	ENSG00000275665	Spleen	0.0592997946621425	262	0.995787
rs138214281	ENSG00000276293	Spleen	0.0966619760244504	372	0.997503
rs138214281	ENSG00000277182	Spleen	0.0561312992612251	296	0.997128
rs138214281	ENSG00000277258	Spleen	0.0659307538507966	296	0.988428
rs138214281	ENSG00000277363	Spleen	0.0126072825080093	51	0.969427
rs138214281	ENSG00000277791	Spleen	0.0556761494354973	299	0.999823
rs138214281	ENSG00000277969	Spleen	0.0524165090403133	248	0.997238
rs138214281	ENSG00000277972	Spleen	0.0980548822146489	271	0.984419
rs138214281	ENSG00000286443	Spleen	0.0618110192616836	1021	0.998037
rs138214281	ENSG00000287644	Spleen	0.0687372526967241	1021	0.999223
rs138214281	ENSG00000278834	Spleen	0.081975215314838	897	0.998929
rs138214281	ENSG00000073584	Spleen	0.0618316123130225	896	0.99899
rs138214281	ENSG00000213424	Spleen	0.0629358997482308	853	0.999021
rs138214281	ENSG00000171446	Spleen	0.0744383571350685	689	0.999236
rs138214281	ENSG00000167920	Spleen	0.061505944016575	623	0.99934
rs138214281	ENSG00000186395	Spleen	0.123160264765733	612	0.99932
rs138214281	ENSG00000234477	Spleen	0.0779767774948595	382	0.996383
rs138214281	ENSG00000108244	Spleen	0.00451000661056175	350	0.997981
rs138214281	ENSG00000002834	Whole_Blood	0.0828129013163873	523	0.999809
rs138214281	ENSG00000008838	Whole_Blood	1.83877347333184e-05	1034	0.995202
rs138214281	ENSG00000067191	Whole_Blood	0.0591026442685236	1034	0.990722
rs138214281	ENSG00000073605	Whole_Blood	0.82360182879017	1034	0.998258
rs138214281	ENSG00000094804	Whole_Blood	0.0469668504850829	1034	0.999134
rs138214281	ENSG00000108298	Whole_Blood	0.0775087953500123	1034	0.993458
rs138214281	ENSG00000108306	Whole_Blood	0.0636457626972986	1034	0.999892
rs138214281	ENSG00000108342	Whole_Blood	0.0459191536001678	1034	0.999969
rs138214281	ENSG00000108344	Whole_Blood	0.0343447057825776	1034	0.993244
rs138214281	ENSG00000108349	Whole_Blood	0.0569616141768265	1034	0.999713
rs138214281	ENSG00000108352	Whole_Blood	4.35480914019975e-05	1034	0.999484
rs138214281	ENSG00000125686	Whole_Blood	0.0498432127443781	1034	0.998772
rs138214281	ENSG00000125691	Whole_Blood	0.0726430908159878	481	0.986194
rs138214281	ENSG00000126351	Whole_Blood	0.0560416855232287	1034	0.998047
rs138214281	ENSG00000126353	Whole_Blood	0.0626652805732884	1034	0.995419
rs138214281	ENSG00000126368	Whole_Blood	0.0677771192414149	1034	0.999808
rs138214281	ENSG00000131747	Whole_Blood	0.0604846328475855	1034	0.998383
rs138214281	ENSG00000131748	Whole_Blood	8.71202888559553e-05	1034	0.9998
rs138214281	ENSG00000131759	Whole_Blood	0.0604183022895752	1034	0.99797
rs138214281	ENSG00000141736	Whole_Blood	0.0533277574385936	1034	0.999394
rs138214281	ENSG00000141741	Whole_Blood	0.0534091493901238	1034	0.995546
rs138214281	ENSG00000141744	Whole_Blood	0.0607958917250965	1034	0.993441
rs138214281	ENSG00000141753	Whole_Blood	0.048669773284201	1034	0.997532
rs138214281	ENSG00000161381	Whole_Blood	0.0465183854740286	1034	0.999266
rs138214281	ENSG00000161395	Whole_Blood	0.131664474250206	1034	0.999802
rs138214281	ENSG00000161405	Whole_Blood	0.700227008496926	1034	0.996247
rs138214281	ENSG00000167258	Whole_Blood	0.0499846640068571	1034	0.997029
rs138214281	ENSG00000167914	Whole_Blood	3.02324370807962e-05	1034	0.990517
rs138214281	ENSG00000171475	Whole_Blood	0.0920479565063505	1034	0.996205
rs138214281	ENSG00000172057	Whole_Blood	0.738119497438569	1034	0.979073
rs138214281	ENSG00000173991	Whole_Blood	0.0479302384861329	1034	0.997207
rs138214281	ENSG00000188895	Whole_Blood	0.133490500040699	1034	0.997894
rs138214281	ENSG00000263466	Whole_Blood	0.083036722290534	595	0.997083
rs138214281	ENSG00000263874	Whole_Blood	0.0539298786792585	653	0.993827
rs138214281	ENSG00000264968	Whole_Blood	0.0671149145873152	1034	0.998788
rs138214281	ENSG00000265666	Whole_Blood	0.0482428260983435	1034	0.999454
rs138214281	ENSG00000266088	Whole_Blood	0.0486292731585553	1034	0.999556
rs138214281	ENSG00000273559	Whole_Blood	0.115900170380507	427	0.998384
rs138214281	ENSG00000273576	Whole_Blood	0.0461745937833406	1034	0.998976
rs138214281	ENSG00000273604	Whole_Blood	0.0507529516203286	195	0.977858
rs138214281	ENSG00000275023	Whole_Blood	0.037873436254907	258	0.991496
rs138214281	ENSG00000275532	Whole_Blood	0.0422525787709932	259	0.981831
rs138214281	ENSG00000275665	Whole_Blood	0.0470855793973834	268	0.99499
rs138214281	ENSG00000276293	Whole_Blood	0.0589079645911965	379	0.995473
rs138214281	ENSG00000277258	Whole_Blood	0.0585527347517498	302	0.988803
rs138214281	ENSG00000277791	Whole_Blood	0.0408316679228439	305	0.998179
rs138214281	ENSG00000277969	Whole_Blood	0.0936069194621982	254	0.992787
rs138214281	ENSG00000277972	Whole_Blood	0.0514473902668322	277	0.996951
rs138214281	ENSG00000287644	Whole_Blood	0.0471574575579848	1034	0.999905
rs138214281	ENSG00000073584	Whole_Blood	0.048861885888196	904	0.99889
rs138214281	ENSG00000167920	Whole_Blood	0.0715809058316188	628	0.998541
rs138214281	ENSG00000186395	Whole_Blood	0.0588414969388132	617	0.996457
rs138214281	ENSG00000234477	Whole_Blood	0.0379922482407579	386	0.992595
rs138214281	ENSG00000108244	Whole_Blood	0.00378607626233461	354	0.994415
rs1464446	ENSG00000114698	Spleen	0.067687201644353	1086	0.999423
rs1464446	ENSG00000152952	Spleen	0.0702449276723238	1086	0.998733
rs1464446	ENSG00000188313	Spleen	0.0606929659578663	1086	0.999632
rs1464446	ENSG00000261051	Spleen	0.0720468952890978	956	0.987804
rs1464446	ENSG00000114698	Whole_Blood	0.0424960095638131	1112	0.999961
rs1464446	ENSG00000188313	Whole_Blood	0.0407565099868713	1112	0.999149
rs150727739	ENSG00000006704	Spleen	0.0785551850145175	714	0.997577
rs150727739	ENSG00000009950	Spleen	0.0879952534362451	714	0.999285
rs150727739	ENSG00000009954	Spleen	0.0789226501482301	714	0.998469
rs150727739	ENSG00000049540	Spleen	0.0822055980710166	714	0.999149
rs150727739	ENSG00000049541	Spleen	0.0827659165051812	714	0.99933
rs150727739	ENSG00000071462	Spleen	0.0789070188812669	714	0.995336
rs150727739	ENSG00000086730	Spleen	0.0868979321875358	714	0.99799
rs150727739	ENSG00000106077	Spleen	0.0784338876159979	714	0.99917
rs150727739	ENSG00000106089	Spleen	0.0809615702650943	714	0.99506
rs150727739	ENSG00000106635	Spleen	0.0746716285174948	714	0.998423
rs150727739	ENSG00000106638	Spleen	0.079475040650417	714	0.999729
rs150727739	ENSG00000106665	Spleen	0.0739257402896067	714	0.996817
rs150727739	ENSG00000106682	Spleen	0.0765630786841996	714	0.993008
rs150727739	ENSG00000106683	Spleen	0.0146025414437067	714	0.998087
rs150727739	ENSG00000130305	Spleen	0.0827658390322138	519	0.997149
rs150727739	ENSG00000146755	Spleen	0.100924924865568	538	0.997026
rs150727739	ENSG00000158517	Spleen	0.0855720297834647	714	0.994415
rs150727739	ENSG00000165171	Spleen	0.104868994582391	714	0.999115
rs150727739	ENSG00000165215	Spleen	0.0875173178886143	714	0.995537
rs150727739	ENSG00000176410	Spleen	0.0791317491765468	714	0.999752
rs150727739	ENSG00000176428	Spleen	0.0886332809175718	714	0.997649
rs150727739	ENSG00000184616	Spleen	0.075426291065448	714	0.999791
rs150727739	ENSG00000188763	Spleen	0.0885713041922366	711	0.999937
rs150727739	ENSG00000189143	Spleen	0.0803886834849052	714	0.999632
rs150727739	ENSG00000196275	Spleen	0.0800238497930728	714	0.999946
rs150727739	ENSG00000232415	Spleen	0.0859140992714399	714	0.998999
rs150727739	ENSG00000232729	Spleen	0.0882421749282783	714	0.997506
rs150727739	ENSG00000263001	Spleen	0.0784701180583891	714	0.998428
rs150727739	ENSG00000273069	Spleen	0.0878812603197361	714	0.998296
rs150727739	ENSG00000274070	Spleen	0.0793759478494582	691	0.999367
rs150727739	ENSG00000274523	Spleen	0.0891315731744103	530	0.998003
rs150727739	ENSG00000174428	Spleen	0.0799133901218029	493	0.997099
rs150727739	ENSG00000178809	Spleen	0.0975900547802833	78	0.977803
rs150727739	ENSG00000009950	Whole_Blood	0.0802080209227573	734	0.999468
rs150727739	ENSG00000009954	Whole_Blood	0.0749717243026038	734	0.996464
rs150727739	ENSG00000049540	Whole_Blood	0.0843534082646058	734	0.999465
rs150727739	ENSG00000049541	Whole_Blood	0.00120688125623142	734	0.993993
rs150727739	ENSG00000071462	Whole_Blood	0.0949648883644976	734	0.999727
rs150727739	ENSG00000086730	Whole_Blood	0.00125860697729103	734	0.996604
rs150727739	ENSG00000106077	Whole_Blood	0.0344800067708882	734	0.999075
rs150727739	ENSG00000106089	Whole_Blood	0.0742650631983022	734	0.999417
rs150727739	ENSG00000106635	Whole_Blood	0.0768973259776308	734	0.999335
rs150727739	ENSG00000106638	Whole_Blood	0.151689645945887	734	0.995457
rs150727739	ENSG00000106665	Whole_Blood	0.0564786783100641	734	0.998141
rs150727739	ENSG00000106682	Whole_Blood	0.000825223283116161	734	0.999025
rs150727739	ENSG00000106683	Whole_Blood	5.76291825385596e-05	734	0.999438
rs150727739	ENSG00000130305	Whole_Blood	0.0733589338875608	537	0.995125
rs150727739	ENSG00000158517	Whole_Blood	0.0946573989437038	734	0.999727
rs150727739	ENSG00000165171	Whole_Blood	0.106128918133612	734	0.996666
rs150727739	ENSG00000176410	Whole_Blood	0.0934207337728693	734	0.999261
rs150727739	ENSG00000263001	Whole_Blood	0.0781019042385105	734	0.998223
rs150727739	ENSG00000274070	Whole_Blood	0.074957114672639	710	0.997908
rs150727739	ENSG00000274523	Whole_Blood	0.0836965720546346	542	0.99939
rs150727739	ENSG00000174428	Whole_Blood	0.0884628024861149	504	0.998821
rs17849501	ENSG00000058085	Spleen	0.100850273822157	1156	0.997667
rs17849501	ENSG00000116698	Spleen	0.000464483618922819	1156	0.998159
rs17849501	ENSG00000116701	Spleen	0.090703381821158	1156	0.998968
rs17849501	ENSG00000135821	Spleen	0.0945311689077483	168	0.999045
rs17849501	ENSG00000135828	Spleen	0.106038682067902	443	0.998553
rs17849501	ENSG00000135829	Spleen	0.104970423411142	1156	0.999786
rs17849501	ENSG00000135838	Spleen	0.0751931938308892	1101	0.99597
rs17849501	ENSG00000135862	Spleen	0.0865014941709288	1156	0.991184
rs17849501	ENSG00000143333	Spleen	0.132719928726483	498	0.999623
rs17849501	ENSG00000143344	Spleen	0.0711402529158536	1156	0.998541
rs17849501	ENSG00000162704	Spleen	0.060301969685381	1156	0.995565
rs17849501	ENSG00000198756	Spleen	0.101039990684235	1156	0.995622
rs17849501	ENSG00000198860	Spleen	0.10920132837305	1156	0.991091
rs17849501	ENSG00000224468	Spleen	0.0861935123321484	1156	0.998553
rs17849501	ENSG00000232860	Spleen	0.0676840114982124	1156	0.998254
rs17849501	ENSG00000261504	Spleen	0.0744753853811699	542	0.995921
rs17849501	ENSG00000287808	Spleen	0.0717983632097017	1156	0.999513
rs17849501	ENSG00000289099	Spleen	1.21333174867347e-26	1156	0.994047
rs17849501	ENSG00000289581	Spleen	0.0737704173641989	1156	0.999716
rs17849501	ENSG00000116667	Spleen	0.0694377438501864	1004	0.995377
rs17849501	ENSG00000271387	Spleen	0.0749605998453832	1004	0.998238
rs17849501	ENSG00000230470	Spleen	0.0901462365890078	959	0.99946
rs17849501	ENSG00000116406	Spleen	0.0698351337866175	116	0.999731
rs17849501	ENSG00000116698	Whole_Blood	1.22017826465326e-06	1175	0.999414
rs17849501	ENSG00000116701	Whole_Blood	0.000449448356375492	1175	0.998951
rs17849501	ENSG00000135821	Whole_Blood	0.0637785689160827	168	0.978204
rs17849501	ENSG00000135828	Whole_Blood	0.0609341056663721	458	0.999812
rs17849501	ENSG00000135829	Whole_Blood	0.104863247959176	1175	0.993816
rs17849501	ENSG00000135838	Whole_Blood	0.0666778743668385	1118	0.999643
rs17849501	ENSG00000135862	Whole_Blood	0.0687862716900708	1175	0.99764
rs17849501	ENSG00000143333	Whole_Blood	0.0622656529932339	513	0.98444
rs17849501	ENSG00000143344	Whole_Blood	0.0870470307344902	1175	0.999774
rs17849501	ENSG00000157064	Whole_Blood	0.0380787640380691	1175	0.997835
rs17849501	ENSG00000162704	Whole_Blood	1.72481701861527e-13	1175	0.999097
rs17849501	ENSG00000198756	Whole_Blood	0.0591150944756976	1175	0.997399
rs17849501	ENSG00000198860	Whole_Blood	0.0560654795963758	1175	0.99772
rs17849501	ENSG00000286966	Whole_Blood	2.5231714229044e-64	1175	0.968409
rs17849501	ENSG00000287808	Whole_Blood	0.0663773650426658	1175	0.999595
rs17849501	ENSG00000289099	Whole_Blood	2.52272388805502e-64	1175	0.977864
rs17849501	ENSG00000116667	Whole_Blood	0.10855159053503	1023	0.995503
rs17849501	ENSG00000116406	Whole_Blood	0.068133111493639	118	0.978921
rs2293765	ENSG00000064933	Spleen	0.0513462733204726	715	0.999007
rs2293765	ENSG00000115368	Spleen	0.0651961363666119	74	0.992689
rs2293765	ENSG00000115415	Spleen	0.0489698991210504	935	0.99741
rs2293765	ENSG00000115419	Spleen	0.0642326851360497	935	0.993448
rs2293765	ENSG00000128641	Spleen	0.0527457562664022	935	0.999235
rs2293765	ENSG00000128694	Spleen	0.0496020130239942	682	0.997337
rs2293765	ENSG00000128699	Spleen	0.050375109778462	715	0.99904
rs2293765	ENSG00000138378	Spleen	0.256443142367365	935	0.998953
rs2293765	ENSG00000138379	Spleen	0.0434757873378898	935	0.999725
rs2293765	ENSG00000138381	Spleen	0.0474184128392407	469	0.996402
rs2293765	ENSG00000138386	Spleen	0.0532697486367083	935	0.998847
rs2293765	ENSG00000138449	Spleen	0.0844722913513307	344	0.995892
rs2293765	ENSG00000151687	Spleen	0.0533546639277597	505	0.99958
rs2293765	ENSG00000151689	Spleen	0.00631683807181134	935	0.998761
rs2293765	ENSG00000151690	Spleen	0.0463533812979981	935	0.998736
rs2293765	ENSG00000187699	Spleen	0.151166540806703	911	0.996452
rs2293765	ENSG00000189362	Spleen	0.0297818032528121	935	0.998786
rs2293765	ENSG00000198130	Spleen	0.159209281992911	935	0.999549
rs2293765	ENSG00000227542	Spleen	0.0782362095001938	935	0.99611
rs2293765	ENSG00000228509	Spleen	8.94034000892268e-06	935	0.989269
rs2293765	ENSG00000231858	Spleen	0.279913787054467	935	0.998731
rs2293765	ENSG00000233654	Spleen	0.0103194786308486	935	0.993365
rs2293765	ENSG00000235852	Spleen	0.207544656990834	935	0.98451
rs2293765	ENSG00000253559	Spleen	0.0474667839018449	681	0.992871
rs2293765	ENSG00000272979	Spleen	0.016429783142836	935	0.997151
rs2293765	ENSG00000273240	Spleen	0.0508468142683465	683	0.99872
rs2293765	ENSG00000288866	Spleen	0.066938542222583	72	0.989309
rs2293765	ENSG00000173559	Spleen	0.0841250786345641	422	0.995496
rs2293765	ENSG00000288900	Spleen	0.256980053797464	422	0.991877
rs2293765	ENSG00000168497	Spleen	0.0960147776867363	88	0.901874
rs2293765	ENSG00000064933	Whole_Blood	0.138739423489866	735	0.995549
rs2293765	ENSG00000115368	Whole_Blood	0.0775796923853674	74	0.999448
rs2293765	ENSG00000115415	Whole_Blood	0.0408365289138351	956	0.999633
rs2293765	ENSG00000115419	Whole_Blood	0.0329301679734591	956	0.999505
rs2293765	ENSG00000128641	Whole_Blood	0.0321363948795353	956	0.998871
rs2293765	ENSG00000128694	Whole_Blood	0.0524091971006665	702	0.999389
rs2293765	ENSG00000128699	Whole_Blood	0.0332990729618045	735	0.992779
rs2293765	ENSG00000138378	Whole_Blood	0.0383004208460792	956	0.998357
rs2293765	ENSG00000138381	Whole_Blood	0.0320786740947901	486	0.953225
rs2293765	ENSG00000138386	Whole_Blood	0.0306565324076216	956	0.996895
rs2293765	ENSG00000138449	Whole_Blood	0.0501390528958235	350	0.996768
rs2293765	ENSG00000151687	Whole_Blood	0.0326216789941405	524	0.999826
rs2293765	ENSG00000151689	Whole_Blood	0.0323142924883801	956	0.998007
rs2293765	ENSG00000151690	Whole_Blood	1.02379720262842e-08	956	0.999801
rs2293765	ENSG00000187699	Whole_Blood	0.0343623059936421	931	0.995856
rs2293765	ENSG00000189362	Whole_Blood	0.00641153737164628	956	0.995859
rs2293765	ENSG00000198130	Whole_Blood	0.53666463362851	956	0.99754
rs2293765	ENSG00000231858	Whole_Blood	0.0349789597471014	956	0.997079
rs2293765	ENSG00000235852	Whole_Blood	0.277730440972904	956	0.998407
rs2293765	ENSG00000253559	Whole_Blood	0.035219257988837	701	0.99541
rs2293765	ENSG00000272979	Whole_Blood	0.0286705599916848	956	0.996762
rs2293765	ENSG00000273240	Whole_Blood	0.0323743014932215	703	0.995186
rs2293765	ENSG00000173559	Whole_Blood	0.0761444927772777	424	0.999929
rs2293765	ENSG00000288900	Whole_Blood	0.0358576839389825	424	0.99618
rs2293765	ENSG00000168497	Whole_Blood	0.0472774798806593	89	0.994504
rs2431098	ENSG00000113312	Spleen	0.0737521887092275	1217	0.999294
rs2431098	ENSG00000135083	Spleen	0.046097243371077	1217	0.998033
rs2431098	ENSG00000145861	Spleen	0.0476571020489774	1217	0.99888
rs2431098	ENSG00000164332	Spleen	0.000570970106395134	140	0.990848
rs2431098	ENSG00000164609	Spleen	0.0491920433571809	1217	0.997025
rs2431098	ENSG00000164611	Spleen	0.0523846626969291	1217	0.999563
rs2431098	ENSG00000170214	Spleen	0.0584641010440132	1217	0.997916
rs2431098	ENSG00000170231	Spleen	0.0460378176327814	1217	0.998758
rs2431098	ENSG00000170234	Spleen	0.0466964392170361	1217	0.999303
rs2431098	ENSG00000221886	Spleen	0.0637867410576926	1217	0.999224
rs2431098	ENSG00000247699	Spleen	0.000220075247089021	1217	0.996903
rs2431098	ENSG00000253522	Spleen	0.132452978678438	1217	0.998495
rs2431098	ENSG00000288764	Spleen	0.00057460856427526	140	0.991332
rs2431098	ENSG00000145864	Spleen	0.0017069936006231	377	0.997281
rs2431098	ENSG00000113312	Whole_Blood	0.0296684300609188	1245	0.99999
rs2431098	ENSG00000135083	Whole_Blood	0.0301107507175714	1245	0.998488
rs2431098	ENSG00000164332	Whole_Blood	0.000583416725443558	144	0.995253
rs2431098	ENSG00000164609	Whole_Blood	0.0330678521118158	1245	0.998167
rs2431098	ENSG00000164611	Whole_Blood	0.0372732285971296	1245	0.999628
rs2431098	ENSG00000170231	Whole_Blood	0.0336851251463107	1245	0.999617
rs2431098	ENSG00000170234	Whole_Blood	0.0388180948367031	1245	0.99997
rs2431098	ENSG00000221886	Whole_Blood	0.0315683806681918	1245	0.998856
rs2431098	ENSG00000253315	Whole_Blood	0.000248382119290386	66	0.972493
rs2431098	ENSG00000253522	Whole_Blood	0.0315289170139919	1245	0.999303
rs2573219	ENSG00000066248	Spleen	0.0565860181079302	1211	0.999196
rs2573219	ENSG00000115053	Spleen	0.0750504947347053	779	0.999346
rs2573219	ENSG00000115468	Spleen	0.0581243705067337	1211	0.99772
rs2573219	ENSG00000135930	Spleen	0.0764842333438569	1211	0.999245
rs2573219	ENSG00000144524	Spleen	0.108060056903892	1211	0.998953
rs2573219	ENSG00000144535	Spleen	0.104844527121865	1211	0.997992
rs2573219	ENSG00000156966	Spleen	0.00267382008474489	483	0.993729
rs2573219	ENSG00000156973	Spleen	0.138567120280362	1211	0.998448
rs2573219	ENSG00000168918	Spleen	0.0588629376687934	1211	0.999982
rs2573219	ENSG00000171551	Spleen	5.01671475473369e-24	1211	0.999723
rs2573219	ENSG00000171596	Spleen	0.0643478737711204	888	0.999421
rs2573219	ENSG00000181798	Spleen	0.0596804026913961	852	0.998706
rs2573219	ENSG00000182600	Spleen	0.0780734079025907	1211	0.99861
rs2573219	ENSG00000187514	Spleen	0.0578225146722098	1211	0.998409
rs2573219	ENSG00000204120	Spleen	0.0630420285966521	1211	0.994101
rs2573219	ENSG00000221944	Spleen	0.0225785244105898	1211	0.998733
rs2573219	ENSG00000224376	Spleen	0.00217531114717104	472	0.999718
rs2573219	ENSG00000233538	Spleen	0.0684768161148418	684	0.998896
rs2573219	ENSG00000237126	Spleen	0.0602191559826202	1211	0.998948
rs2573219	ENSG00000237412	Spleen	0.000168585519216037	1211	0.998974
rs2573219	ENSG00000261096	Spleen	0.0616177176465653	1211	0.999208
rs2573219	ENSG00000286942	Spleen	0.0835386473762778	871	0.99893
rs2573219	ENSG00000289018	Spleen	0.0603351195420526	1211	0.996457
rs2573219	ENSG00000289129	Spleen	0.1491577143367	1208	0.997711
rs2573219	ENSG00000085978	Spleen	0.137376370449425	1155	0.999364
rs2573219	ENSG00000259793	Spleen	0.0606691858387946	833	0.998944
rs2573219	ENSG00000077044	Spleen	0.0950498955151195	827	0.991585
rs2573219	ENSG00000085982	Spleen	0.0041983845319678	219	0.99014
rs2573219	ENSG00000115053	Whole_Blood	0.045007851589571	794	0.998367
rs2573219	ENSG00000115468	Whole_Blood	0.0853480497072986	1236	0.998199
rs2573219	ENSG00000135930	Whole_Blood	0.043252064068647	1236	0.999582
rs2573219	ENSG00000144524	Whole_Blood	0.0674942284341752	1236	0.999885
rs2573219	ENSG00000144535	Whole_Blood	0.0442504586446441	1236	0.999562
rs2573219	ENSG00000156966	Whole_Blood	0.00248557902101231	493	0.98598
rs2573219	ENSG00000156973	Whole_Blood	0.0599136881801037	1236	0.998807
rs2573219	ENSG00000168918	Whole_Blood	0.0432435420750247	1236	0.999376
rs2573219	ENSG00000171596	Whole_Blood	0.0898546963109789	909	0.999543
rs2573219	ENSG00000182600	Whole_Blood	0.0458716213213311	1236	0.999903
rs2573219	ENSG00000187514	Whole_Blood	0.0425059517291579	1236	0.998003
rs2573219	ENSG00000204120	Whole_Blood	0.0477531672756058	1236	0.998489
rs2573219	ENSG00000221944	Whole_Blood	0.0536540687294983	1236	0.998992
rs2573219	ENSG00000224376	Whole_Blood	0.00200985399096572	482	0.997776
rs2573219	ENSG00000233538	Whole_Blood	0.043850972639174	696	0.998241
rs2573219	ENSG00000286942	Whole_Blood	0.164220525068689	892	0.988744
rs2573219	ENSG00000289018	Whole_Blood	0.0447374250041104	1236	0.9993
rs2573219	ENSG00000289129	Whole_Blood	0.0646145346754523	1233	0.999703
rs2573219	ENSG00000085978	Whole_Blood	0.0435070155584249	1178	0.99932
rs2573219	ENSG00000077044	Whole_Blood	0.044632288334643	845	0.996372
rs2573219	ENSG00000085982	Whole_Blood	0.00277279050874871	221	0.993332
rs2647928	ENSG00000068885	Spleen	0.0669937217675116	1012	0.99988
rs2647928	ENSG00000113810	Spleen	0.0483139181443967	1012	0.993658
rs2647928	ENSG00000151967	Spleen	0.0493557508389751	1012	0.999358
rs2647928	ENSG00000163590	Spleen	0.0917826440391583	1012	0.995817
rs2647928	ENSG00000168811	Spleen	0.0868240170103648	1012	0.999855
rs2647928	ENSG00000179674	Spleen	0.0587070936188766	1012	0.999059
rs2647928	ENSG00000180044	Spleen	0.0482862709172509	1012	0.995715
rs2647928	ENSG00000186432	Spleen	0.0479418173703004	1012	0.998544
rs2647928	ENSG00000213186	Spleen	0.0699702068674705	1012	0.99999
rs2647928	ENSG00000260572	Spleen	0.0505714050644819	1012	0.996638
rs2647928	ENSG00000272247	Spleen	0.0686355491995147	51	0.930547
rs2647928	ENSG00000283154	Spleen	0.0672467002854575	323	0.999159
rs2647928	ENSG00000286913	Spleen	0.107612173116063	1012	0.999452
rs2647928	ENSG00000169251	Spleen	0.00234236714364863	283	0.995274
rs2647928	ENSG00000169255	Spleen	0.00242516578403785	280	0.981844
rs2647928	ENSG00000068885	Whole_Blood	0.0329705026556056	1028	0.999638
rs2647928	ENSG00000113810	Whole_Blood	0.0761947399133922	1028	0.99855
rs2647928	ENSG00000163590	Whole_Blood	0.0346660971289843	1028	0.999909
rs2647928	ENSG00000186432	Whole_Blood	0.0372246717200886	1028	0.996897
rs2647928	ENSG00000213186	Whole_Blood	0.0454176617435822	1028	0.999776
rs2647928	ENSG00000169251	Whole_Blood	0.00371870489169561	289	0.999233
rs34208825	ENSG00000079459	Spleen	0.049297155329937	1550	0.999726
rs34208825	ENSG00000104643	Spleen	0.0680395621276002	1550	0.999908
rs34208825	ENSG00000136573	Spleen	0.0719818567355161	1550	0.997465
rs34208825	ENSG00000154319	Spleen	0.7402040722508	1550	0.998663
rs34208825	ENSG00000154328	Spleen	0.0913817858826777	1550	0.997849
rs34208825	ENSG00000164733	Spleen	0.159401918392748	1550	0.999827
rs34208825	ENSG00000171044	Spleen	0.726200804687851	1550	0.996794
rs34208825	ENSG00000171056	Spleen	0.0612894638969613	1550	0.999766
rs34208825	ENSG00000175806	Spleen	0.0507606757265416	481	0.997837
rs34208825	ENSG00000177710	Spleen	0.192505038860675	1550	0.991943
rs34208825	ENSG00000246477	Spleen	0.0996299650694169	1550	0.997541
rs34208825	ENSG00000248896	Spleen	0.793906868591375	1550	0.998839
rs34208825	ENSG00000253641	Spleen	0.055241932046554	1550	0.999991
rs34208825	ENSG00000253649	Spleen	0.107984053965224	1550	0.996149
rs34208825	ENSG00000254093	Spleen	0.0600852436960689	1550	0.997892
rs34208825	ENSG00000254936	Spleen	0.0838580009859088	1550	0.999979
rs34208825	ENSG00000255046	Spleen	0.0663392061882623	1550	0.99847
rs34208825	ENSG00000255310	Spleen	0.139289221961598	1550	0.997178
rs34208825	ENSG00000269918	Spleen	0.221492528871966	1550	0.995353
rs34208825	ENSG00000269954	Spleen	0.104506751477502	1550	0.999064
rs34208825	ENSG00000270076	Spleen	0.469414946858295	1550	0.999604
rs34208825	ENSG00000272505	Spleen	0.118029958316022	1550	0.999177
rs34208825	ENSG00000284957	Spleen	0.707131302874574	1550	0.992499
rs34208825	ENSG00000186523	Spleen	0.0883999188551596	644	0.996928
rs34208825	ENSG00000255495	Spleen	0.153569028045072	644	0.996605
rs34208825	ENSG00000227888	Spleen	0.0677925309963603	148	0.995405
rs34208825	ENSG00000079459	Whole_Blood	0.148953705945094	1564	0.999938
rs34208825	ENSG00000104643	Whole_Blood	0.0364829170906758	1564	0.999783
rs34208825	ENSG00000136573	Whole_Blood	0.147409071713685	1564	0.993792
rs34208825	ENSG00000154328	Whole_Blood	0.876217434882994	1564	0.99931
rs34208825	ENSG00000164733	Whole_Blood	0.725796550752188	1564	0.998916
rs34208825	ENSG00000171044	Whole_Blood	0.102858738246136	1564	0.999789
rs34208825	ENSG00000175806	Whole_Blood	0.0551571294248937	485	0.996201
rs34208825	ENSG00000253641	Whole_Blood	0.332881683281425	1564	0.9996
rs34208825	ENSG00000253649	Whole_Blood	0.291323247260485	1564	0.996547
rs34208825	ENSG00000254093	Whole_Blood	0.0352690641828585	1564	0.999982
rs34208825	ENSG00000255310	Whole_Blood	0.113244881796805	1564	0.997363
rs34208825	ENSG00000269918	Whole_Blood	0.379886965575216	1564	0.997796
rs34208825	ENSG00000269954	Whole_Blood	0.112951477841229	1564	0.996798
rs34208825	ENSG00000272505	Whole_Blood	0.433369798422833	1564	0.998923
rs34572943	ENSG00000005844	Spleen	0.0604094578773314	547	0.998573
rs34572943	ENSG00000080603	Spleen	0.120540474186026	576	0.999727
rs34572943	ENSG00000089280	Spleen	0.0684991560233013	576	0.989801
rs34572943	ENSG00000090238	Spleen	0.000199741221220554	80	0.951716
rs34572943	ENSG00000099364	Spleen	0.0792178904605911	576	0.993908
rs34572943	ENSG00000099365	Spleen	0.0706057723821477	576	0.994481
rs34572943	ENSG00000099377	Spleen	0.0755352767664455	576	0.998492
rs34572943	ENSG00000099381	Spleen	0.0710814125360432	576	0.995906
rs34572943	ENSG00000099385	Spleen	0.136258938295244	576	0.997588
rs34572943	ENSG00000102870	Spleen	0.0650921645100623	576	0.992746
rs34572943	ENSG00000102879	Spleen	0.256940695470608	159	0.999983
rs34572943	ENSG00000102882	Spleen	0.0122578667507776	112	0.998599
rs34572943	ENSG00000102886	Spleen	0.000851757575182957	93	0.999512
rs34572943	ENSG00000103490	Spleen	0.11621854480551	576	0.995825
rs34572943	ENSG00000103496	Spleen	0.0665362309448103	576	0.995849
rs34572943	ENSG00000103507	Spleen	0.128201458431415	576	0.988373
rs34572943	ENSG00000103510	Spleen	0.0534864459168978	576	0.991087
rs34572943	ENSG00000103549	Spleen	0.0726053320304302	576	0.999991
rs34572943	ENSG00000132207	Spleen	0.0940160520927117	162	0.992447
rs34572943	ENSG00000140678	Spleen	0.0345953513554497	576	0.975243
rs34572943	ENSG00000140682	Spleen	0.0679112890694809	576	0.998672
rs34572943	ENSG00000140688	Spleen	0.0717066195653833	576	0.990853
rs34572943	ENSG00000140691	Spleen	0.139342641097782	576	0.987972
rs34572943	ENSG00000149922	Spleen	0.000181246906375798	74	0.962151
rs34572943	ENSG00000149923	Spleen	0.000175175081536548	59	0.980223
rs34572943	ENSG00000150281	Spleen	0.0651097622266474	576	0.997643
rs34572943	ENSG00000151006	Spleen	0.0933308820895551	576	0.999797
rs34572943	ENSG00000156853	Spleen	0.0654889613135837	576	0.999279
rs34572943	ENSG00000156858	Spleen	0.0937075442522517	576	0.998033
rs34572943	ENSG00000156860	Spleen	0.0630125353186998	576	0.995235
rs34572943	ENSG00000156873	Spleen	0.070865044750476	576	0.991719
rs34572943	ENSG00000156885	Spleen	0.0019640314039458	576	0.999224
rs34572943	ENSG00000156886	Spleen	2.6628520614752e-05	576	0.998211
rs34572943	ENSG00000167394	Spleen	0.0859826270731892	576	0.99739
rs34572943	ENSG00000167395	Spleen	0.0733441065437569	576	0.990912
rs34572943	ENSG00000167397	Spleen	0.0364834951847954	576	0.994786
rs34572943	ENSG00000169217	Spleen	0.0740261055776826	410	0.991583
rs34572943	ENSG00000169221	Spleen	0.113255722989951	434	0.997994
rs34572943	ENSG00000169877	Spleen	0.117398751647081	576	0.997789
rs34572943	ENSG00000169896	Spleen	0.0652848107046752	576	0.991567
rs34572943	ENSG00000169900	Spleen	0.131489983350469	576	0.994799
rs34572943	ENSG00000169951	Spleen	0.106164381283512	576	0.998588
rs34572943	ENSG00000169955	Spleen	0.0701594268504986	576	0.998829
rs34572943	ENSG00000169957	Spleen	0.0729248272701126	576	0.999824
rs34572943	ENSG00000175938	Spleen	0.0892691270277927	576	0.999359
rs34572943	ENSG00000176723	Spleen	0.074947386973377	576	0.996769
rs34572943	ENSG00000178226	Spleen	0.0642364444361407	576	0.988317
rs34572943	ENSG00000179918	Spleen	0.073635618903391	524	0.985509
rs34572943	ENSG00000179958	Spleen	0.079885989800026	509	0.998335
rs34572943	ENSG00000179965	Spleen	0.0727589652023474	481	0.999533
rs34572943	ENSG00000180035	Spleen	0.0716071355206774	439	0.998545
rs34572943	ENSG00000180096	Spleen	0.0713390568599142	469	0.995041
rs34572943	ENSG00000180209	Spleen	0.0643587926326481	434	0.997628
rs34572943	ENSG00000185947	Spleen	0.0639083469758969	576	0.998701
rs34572943	ENSG00000196118	Spleen	0.0636188075789734	576	0.997789
rs34572943	ENSG00000197162	Spleen	0.155533248056648	576	0.993869
rs34572943	ENSG00000197302	Spleen	0.0844326405707869	576	0.997232
rs34572943	ENSG00000198064	Spleen	0.0798259692297709	196	0.98329
rs34572943	ENSG00000229809	Spleen	0.125955923048412	576	0.998351
rs34572943	ENSG00000232748	Spleen	0.0890865649285228	576	0.998528
rs34572943	ENSG00000235560	Spleen	0.0636743626092957	576	0.997784
rs34572943	ENSG00000239791	Spleen	0.0704608791982328	576	0.998885
rs34572943	ENSG00000250616	Spleen	0.000221126892935327	80	0.928367
rs34572943	ENSG00000259810	Spleen	0.0973530328016889	576	0.99515
rs34572943	ENSG00000260060	Spleen	0.0906174838129425	576	0.991891
rs34572943	ENSG00000260083	Spleen	0.0672104376329129	576	0.999879
rs34572943	ENSG00000260167	Spleen	0.0594305047189221	576	0.99965
rs34572943	ENSG00000260219	Spleen	0.132314882157188	407	0.993687
rs34572943	ENSG00000260267	Spleen	0.0666561996746066	576	0.998565
rs34572943	ENSG00000260487	Spleen	0.0733705179974429	552	0.999966
rs34572943	ENSG00000260625	Spleen	0.0785001461600417	576	0.99747
rs34572943	ENSG00000260757	Spleen	0.000201367018984858	576	0.998777
rs34572943	ENSG00000260852	Spleen	0.107265409616301	576	0.998669
rs34572943	ENSG00000260899	Spleen	0.0851848007284819	576	0.991375
rs34572943	ENSG00000260911	Spleen	1.6580443430894e-07	576	0.995246
rs34572943	ENSG00000261052	Spleen	0.0836971707183913	163	0.996676
rs34572943	ENSG00000261124	Spleen	0.0886041103819245	576	0.996533
rs34572943	ENSG00000261332	Spleen	0.0698374602342363	560	0.997617
rs34572943	ENSG00000261346	Spleen	0.0824876792585159	557	0.995984
rs34572943	ENSG00000261359	Spleen	0.0872684727838407	576	0.998905
rs34572943	ENSG00000261367	Spleen	0.000516870017186592	88	0.870345
rs34572943	ENSG00000261416	Spleen	0.297957541679613	161	0.974343
rs34572943	ENSG00000261474	Spleen	0.066630373040263	576	0.998929
rs34572943	ENSG00000261840	Spleen	0.0787508748808159	576	0.997501
rs34572943	ENSG00000262766	Spleen	0.0854784812647867	576	0.997728
rs34572943	ENSG00000274653	Spleen	0.0730330834792378	421	0.999434
rs34572943	ENSG00000274678	Spleen	0.0581785549631118	576	0.99905
rs34572943	ENSG00000275263	Spleen	0.0668568573143226	576	0.999442
rs34572943	ENSG00000275371	Spleen	0.000789976649011896	91	0.995192
rs34572943	ENSG00000276867	Spleen	0.0647294985224494	576	0.991422
rs34572943	ENSG00000277543	Spleen	0.0208923865545272	576	0.992466
rs34572943	ENSG00000278133	Spleen	0.0652872984081001	576	0.999852
rs34572943	ENSG00000288983	Spleen	0.0539114893716182	576	0.996641
rs34572943	ENSG00000005844	Whole_Blood	0.0890850390596285	555	0.999838
rs34572943	ENSG00000080603	Whole_Blood	0.0598923839419359	584	0.994377
rs34572943	ENSG00000089280	Whole_Blood	0.0526516236977338	584	0.993685
rs34572943	ENSG00000090238	Whole_Blood	0.000381477988576684	84	0.938485
rs34572943	ENSG00000099364	Whole_Blood	0.0469573480472191	584	0.999896
rs34572943	ENSG00000099377	Whole_Blood	0.000544848288328619	584	0.997925
rs34572943	ENSG00000099381	Whole_Blood	0.0511717408866694	584	0.998828
rs34572943	ENSG00000099385	Whole_Blood	0.0548647037461809	584	0.997626
rs34572943	ENSG00000102870	Whole_Blood	0.0525663194168676	584	0.997837
rs34572943	ENSG00000102879	Whole_Blood	0.0430336183593107	167	0.991059
rs34572943	ENSG00000102882	Whole_Blood	0.0169272977083347	116	0.999921
rs34572943	ENSG00000102886	Whole_Blood	0.00138784212745653	97	0.94788
rs34572943	ENSG00000103490	Whole_Blood	0.0497610485897224	584	0.99845
rs34572943	ENSG00000103496	Whole_Blood	0.12459960662381	584	0.995947
rs34572943	ENSG00000103507	Whole_Blood	0.0369168320058915	584	0.998604
rs34572943	ENSG00000103510	Whole_Blood	0.0469398112162905	584	0.994821
rs34572943	ENSG00000103549	Whole_Blood	0.061381345092051	584	0.998735
rs34572943	ENSG00000140678	Whole_Blood	8.66573368654922e-08	584	0.999895
rs34572943	ENSG00000140682	Whole_Blood	0.0484653123466258	584	0.999905
rs34572943	ENSG00000140688	Whole_Blood	0.0518556070879571	584	0.99959
rs34572943	ENSG00000140691	Whole_Blood	0.0364604101216619	584	0.998309
rs34572943	ENSG00000149922	Whole_Blood	0.000282239553163563	77	0.985423
rs34572943	ENSG00000149923	Whole_Blood	0.000373602648230976	61	0.902434
rs34572943	ENSG00000150281	Whole_Blood	0.0684579999731732	584	0.998953
rs34572943	ENSG00000151006	Whole_Blood	0.0275604369715483	584	0.999684
rs34572943	ENSG00000156853	Whole_Blood	0.0445768245159554	584	0.999727
rs34572943	ENSG00000156858	Whole_Blood	0.050927510964434	584	0.998505
rs34572943	ENSG00000156860	Whole_Blood	0.0521486672808639	584	0.999903
rs34572943	ENSG00000156873	Whole_Blood	0.0513315412457366	584	0.998164
rs34572943	ENSG00000156885	Whole_Blood	0.0452023327241669	584	0.99954
rs34572943	ENSG00000156886	Whole_Blood	0.0478914752902501	584	0.999148
rs34572943	ENSG00000167394	Whole_Blood	1.66964744336769e-07	584	0.997059
rs34572943	ENSG00000167395	Whole_Blood	0.12591475038377	584	0.999248
rs34572943	ENSG00000167397	Whole_Blood	0.123140529624142	584	0.996044
rs34572943	ENSG00000169217	Whole_Blood	0.176940618064489	418	0.996893
rs34572943	ENSG00000169221	Whole_Blood	0.0719422663415709	442	0.997922
rs34572943	ENSG00000169877	Whole_Blood	0.0621157698246207	584	0.999293
rs34572943	ENSG00000169896	Whole_Blood	0.0638862052280194	584	0.997865
rs34572943	ENSG00000169951	Whole_Blood	0.0479562237573637	584	0.999031
rs34572943	ENSG00000169955	Whole_Blood	0.0490815637205406	584	0.999879
rs34572943	ENSG00000169957	Whole_Blood	0.0479020381491965	584	0.991031
rs34572943	ENSG00000175938	Whole_Blood	0.0903539398208334	584	0.994545
rs34572943	ENSG00000178226	Whole_Blood	0.0512365204869983	584	0.999778
rs34572943	ENSG00000179918	Whole_Blood	0.0583625781778417	532	0.996811
rs34572943	ENSG00000179958	Whole_Blood	0.0536204292367282	517	0.998903
rs34572943	ENSG00000180035	Whole_Blood	0.0493117398391766	447	0.997706
rs34572943	ENSG00000180096	Whole_Blood	0.0499034029813159	477	0.998232
rs34572943	ENSG00000180209	Whole_Blood	0.0454163905921433	442	0.999912
rs34572943	ENSG00000185947	Whole_Blood	0.0623486318610727	584	0.999772
rs34572943	ENSG00000196118	Whole_Blood	0.0467912294224534	584	0.998081
rs34572943	ENSG00000197162	Whole_Blood	0.0498780137609621	584	0.996955
rs34572943	ENSG00000197302	Whole_Blood	0.179757595380502	584	0.998536
rs34572943	ENSG00000198064	Whole_Blood	0.0415403145666563	203	0.995392
rs34572943	ENSG00000229809	Whole_Blood	0.0477983619672916	584	0.999214
rs34572943	ENSG00000235560	Whole_Blood	0.0555658720264537	584	0.999487
rs34572943	ENSG00000250616	Whole_Blood	0.00175656167657539	84	0.891359
rs34572943	ENSG00000260060	Whole_Blood	0.0451431593649876	584	0.998825
rs34572943	ENSG00000260083	Whole_Blood	0.0477319829091806	584	0.993528
rs34572943	ENSG00000260219	Whole_Blood	0.134477213148955	415	0.979323
rs34572943	ENSG00000260267	Whole_Blood	0.047353028495707	584	0.996852
rs34572943	ENSG00000260487	Whole_Blood	0.272127237598609	560	0.999714
rs34572943	ENSG00000260625	Whole_Blood	0.0911669601675401	584	0.999793
rs34572943	ENSG00000260852	Whole_Blood	0.0752597403394299	584	0.995467
rs34572943	ENSG00000260911	Whole_Blood	4.65507482126435e-10	584	0.982975
rs34572943	ENSG00000261332	Whole_Blood	0.047548875610358	568	0.997723
rs34572943	ENSG00000261346	Whole_Blood	0.0482000891424806	565	0.99865
rs34572943	ENSG00000261359	Whole_Blood	0.145542725826393	584	0.999843
rs34572943	ENSG00000261367	Whole_Blood	0.00264036417229259	92	0.891036
rs34572943	ENSG00000261416	Whole_Blood	0.0590833223413447	169	0.897928
rs34572943	ENSG00000261474	Whole_Blood	0.0512671338139657	584	0.997408
rs34572943	ENSG00000261840	Whole_Blood	0.131554235321664	584	0.999078
rs34572943	ENSG00000262766	Whole_Blood	0.0586136447763762	584	0.998116
rs34572943	ENSG00000274653	Whole_Blood	0.106874139418565	429	0.999666
rs34572943	ENSG00000274678	Whole_Blood	0.0620047640775673	584	0.996716
rs34572943	ENSG00000275371	Whole_Blood	0.00070486806317364	95	0.989256
rs34572943	ENSG00000276867	Whole_Blood	0.0477844115338919	584	0.998991
rs34572943	ENSG00000278133	Whole_Blood	0.0608222537730783	584	0.999815
rs34572943	ENSG00000288983	Whole_Blood	0.00912567205351803	584	0.996521
rs35000415	ENSG00000064419	Spleen	0.138402324310337	1241	0.998764
rs35000415	ENSG00000106344	Spleen	0.0604103729950002	1241	0.993714
rs35000415	ENSG00000106348	Spleen	0.0611009419307337	1241	0.996308
rs35000415	ENSG00000106459	Spleen	0.0763271309723787	1241	0.99873
rs35000415	ENSG00000128524	Spleen	0.0618873260330848	1241	0.999888
rs35000415	ENSG00000128578	Spleen	0.0701753158432972	1241	0.998957
rs35000415	ENSG00000128591	Spleen	0.0613054722124128	1241	0.9977
rs35000415	ENSG00000128594	Spleen	0.0630961812474527	776	0.998685
rs35000415	ENSG00000128595	Spleen	0.0802990183179951	1241	0.999546
rs35000415	ENSG00000128596	Spleen	0.0587658975219532	1241	0.995953
rs35000415	ENSG00000128602	Spleen	0.0683369670822981	1241	0.998871
rs35000415	ENSG00000128604	Spleen	0.000347997829847689	1241	0.9975
rs35000415	ENSG00000135245	Spleen	0.0676604078396755	1241	0.99849
rs35000415	ENSG00000135248	Spleen	0.0632397658874836	1241	0.999827
rs35000415	ENSG00000135253	Spleen	0.064568780412578	1241	0.998821
rs35000415	ENSG00000158457	Spleen	0.0835749048327075	1241	0.999922
rs35000415	ENSG00000158467	Spleen	0.0594954726529696	1241	0.99963
rs35000415	ENSG00000165055	Spleen	0.0148163976241687	1241	0.99694
rs35000415	ENSG00000174697	Spleen	0.0961611609102914	1241	0.999031
rs35000415	ENSG00000205085	Spleen	0.0650005420494771	1241	0.999788
rs35000415	ENSG00000224940	Spleen	0.102754834332003	1241	0.999826
rs35000415	ENSG00000240204	Spleen	0.06159514268229	1241	0.99942
rs35000415	ENSG00000242588	Spleen	1.28407038958187e-07	1241	0.998631
rs35000415	ENSG00000243230	Spleen	0.129971140202129	1241	0.996671
rs35000415	ENSG00000271344	Spleen	0.0586213099813487	1241	0.998534
rs35000415	ENSG00000271553	Spleen	6.9941401661464e-11	1241	0.994126
rs35000415	ENSG00000272899	Spleen	0.0886968456459594	1241	0.99692
rs35000415	ENSG00000272915	Spleen	0.0609006048677174	1241	0.997064
rs35000415	ENSG00000273270	Spleen	1.620771277235e-12	1241	0.995963
rs35000415	ENSG00000273329	Spleen	0.0670932537624569	1241	0.999137
rs35000415	ENSG00000288884	Spleen	3.66351060991109e-44	1241	0.999899
rs35000415	ENSG00000289434	Spleen	0.060804352388519	1241	0.994713
rs35000415	ENSG00000186591	Spleen	0.072928533051914	607	0.99943
rs35000415	ENSG00000091732	Spleen	0.065655051552876	420	0.999334
rs35000415	ENSG00000128607	Spleen	0.0677367731616285	376	0.996821
rs35000415	ENSG00000229196	Spleen	0.0794162906519333	109	0.927372
rs35000415	ENSG00000064419	Whole_Blood	3.95062381966391e-28	1296	0.998961
rs35000415	ENSG00000106344	Whole_Blood	0.0529257022916122	1296	0.999362
rs35000415	ENSG00000106348	Whole_Blood	0.0776543541490024	1296	0.996534
rs35000415	ENSG00000106459	Whole_Blood	0.0626219656124298	1296	0.999771
rs35000415	ENSG00000128524	Whole_Blood	0.046919569250661	1296	0.998807
rs35000415	ENSG00000128578	Whole_Blood	0.0538107588158937	1296	0.998017
rs35000415	ENSG00000128591	Whole_Blood	0.0469342725297187	1296	0.999206
rs35000415	ENSG00000128594	Whole_Blood	0.0669806766766652	800	0.999981
rs35000415	ENSG00000128595	Whole_Blood	0.0443377144277916	1296	0.999852
rs35000415	ENSG00000128596	Whole_Blood	0.0451617959760448	1296	0.999406
rs35000415	ENSG00000128604	Whole_Blood	2.87101777898462e-08	1296	0.997857
rs35000415	ENSG00000135245	Whole_Blood	0.0471890194149256	1296	0.999284
rs35000415	ENSG00000158457	Whole_Blood	0.0190738706764165	1296	0.999887
rs35000415	ENSG00000158467	Whole_Blood	0.0773246293530659	1296	0.996091
rs35000415	ENSG00000165055	Whole_Blood	5.72947627549885e-06	1296	0.99838
rs35000415	ENSG00000174697	Whole_Blood	0.119011916020828	1296	0.999373
rs35000415	ENSG00000205085	Whole_Blood	0.00252777576228476	1296	0.999749
rs35000415	ENSG00000224940	Whole_Blood	0.0687332859938364	1296	0.997728
rs35000415	ENSG00000240204	Whole_Blood	0.0444402083434514	1296	0.999416
rs35000415	ENSG00000242588	Whole_Blood	0.000212500016635323	1296	0.999352
rs35000415	ENSG00000271344	Whole_Blood	0.0170989212317267	1296	0.999435
rs35000415	ENSG00000271553	Whole_Blood	1.81426227237682e-14	1296	0.999737
rs35000415	ENSG00000273270	Whole_Blood	2.38201102517931e-28	1296	0.992252
rs35000415	ENSG00000273329	Whole_Blood	0.0465047711264093	1296	0.999312
rs35000415	ENSG00000279078	Whole_Blood	0.0868972051062795	732	0.999706
rs35000415	ENSG00000288884	Whole_Blood	2.89028838041862e-34	1296	0.997903
rs35000415	ENSG00000289434	Whole_Blood	0.0478921694903861	1296	0.99728
rs35000415	ENSG00000186591	Whole_Blood	0.0621870674626503	650	0.993593
rs35000415	ENSG00000091732	Whole_Blood	0.0503252878965788	448	0.999324
rs35000415	ENSG00000128607	Whole_Blood	0.108779962211222	403	0.999861
rs35000415	ENSG00000229196	Whole_Blood	0.0950451689311914	131	0.990722
rs35251378	ENSG00000065989	Spleen	0.0501774366644472	1047	0.999825
rs35251378	ENSG00000076662	Spleen	0.0485481246495499	1047	0.99897
rs35251378	ENSG00000079805	Spleen	0.056548415228345	1047	0.998968
rs35251378	ENSG00000079999	Spleen	0.0538418505211276	1047	0.998929
rs35251378	ENSG00000080573	Spleen	0.102874983252089	1047	0.998627
rs35251378	ENSG00000090339	Spleen	0.0497727798077263	1047	0.996526
rs35251378	ENSG00000099203	Spleen	0.0494815607434223	1047	0.999889
rs35251378	ENSG00000105088	Spleen	0.0691449567996673	1047	0.996007
rs35251378	ENSG00000105364	Spleen	0.0533259092557842	1047	0.998909
rs35251378	ENSG00000105376	Spleen	0.0300438888391865	1047	0.998682
rs35251378	ENSG00000105397	Spleen	0.255514006468812	1047	0.997452
rs35251378	ENSG00000105401	Spleen	0.0492963037340428	1047	0.999049
rs35251378	ENSG00000127445	Spleen	0.0536232953028588	1047	0.999049
rs35251378	ENSG00000127452	Spleen	0.0490478325777822	1047	0.998086
rs35251378	ENSG00000127616	Spleen	0.0493257597707624	1047	0.999647
rs35251378	ENSG00000129347	Spleen	1.45195031181914e-09	1047	0.998724
rs35251378	ENSG00000129351	Spleen	0.0589553531028611	1047	0.998818
rs35251378	ENSG00000129353	Spleen	0.0664149750765392	1047	0.999203
rs35251378	ENSG00000129354	Spleen	7.89613900677512e-06	1047	0.997857
rs35251378	ENSG00000129355	Spleen	0.0826476717268639	1047	0.999994
rs35251378	ENSG00000130164	Spleen	0.0730120378681551	1047	0.998993
rs35251378	ENSG00000130733	Spleen	0.0559129968913719	1047	0.997632
rs35251378	ENSG00000130734	Spleen	0.0491353362824369	1047	0.998633
rs35251378	ENSG00000130803	Spleen	0.108886500830322	56	0.981239
rs35251378	ENSG00000130810	Spleen	0.0494441551858057	1047	0.999683
rs35251378	ENSG00000130811	Spleen	0.0473223688029759	1047	0.999092
rs35251378	ENSG00000130812	Spleen	0.0918725188103094	1047	0.999558
rs35251378	ENSG00000130813	Spleen	0.0489207513901089	1047	0.999388
rs35251378	ENSG00000130816	Spleen	0.0515702257679227	1047	0.998775
rs35251378	ENSG00000130818	Spleen	0.0733388044930598	857	0.998871
rs35251378	ENSG00000142444	Spleen	0.049565091531348	1047	0.999994
rs35251378	ENSG00000142453	Spleen	0.0665443999855401	1047	0.99988
rs35251378	ENSG00000161847	Spleen	0.0603107793340297	1047	0.999678
rs35251378	ENSG00000167807	Spleen	0.0918479326963688	1047	0.999692
rs35251378	ENSG00000171466	Spleen	0.0666523105171277	1047	0.998107
rs35251378	ENSG00000171469	Spleen	0.0514013577613757	1047	0.999791
rs35251378	ENSG00000174652	Spleen	0.054046960980739	653	0.99955
rs35251378	ENSG00000180739	Spleen	0.0674070205121774	1047	0.997928
rs35251378	ENSG00000188000	Spleen	0.0310286486870309	122	0.979578
rs35251378	ENSG00000188321	Spleen	0.0756502917779988	417	0.99971
rs35251378	ENSG00000196110	Spleen	0.0697872380233685	373	0.99259
rs35251378	ENSG00000196605	Spleen	0.0590605054960138	1047	0.998758
rs35251378	ENSG00000197961	Spleen	0.0646451869305707	1006	0.996592
rs35251378	ENSG00000198258	Spleen	0.055568216101569	1047	0.999843
rs35251378	ENSG00000213339	Spleen	0.183405852993889	1047	0.998366
rs35251378	ENSG00000214212	Spleen	0.0568844409939882	1047	0.999818
rs35251378	ENSG00000220201	Spleen	0.0515180236271517	1047	0.999138
rs35251378	ENSG00000244165	Spleen	0.0496486296297467	1047	0.995679
rs35251378	ENSG00000266936	Spleen	0.07360059587209	1047	0.99748
rs35251378	ENSG00000267100	Spleen	0.0614449051291567	1047	0.993835
rs35251378	ENSG00000267106	Spleen	0.0503611347485702	1047	0.999797
rs35251378	ENSG00000267197	Spleen	0.0777748636794283	1047	0.999706
rs35251378	ENSG00000267289	Spleen	0.0493379803839176	1047	0.998934
rs35251378	ENSG00000267387	Spleen	0.0498883818759042	1047	0.998319
rs35251378	ENSG00000267534	Spleen	0.0535081441992247	1047	0.997514
rs35251378	ENSG00000267612	Spleen	0.0492702955493533	1047	0.999009
rs35251378	ENSG00000267673	Spleen	0.049197844959744	1047	0.999698
rs35251378	ENSG00000270011	Spleen	0.0727682791495673	418	0.999648
rs35251378	ENSG00000274425	Spleen	0.0495575178864997	1047	0.999415
rs35251378	ENSG00000277587	Spleen	0.643126850840724	1047	0.999128
rs35251378	ENSG00000278611	Spleen	0.0513815452103096	857	0.999972
rs35251378	ENSG00000283108	Spleen	0.0592930927939935	603	0.998877
rs35251378	ENSG00000287275	Spleen	0.101304306464672	653	0.999864
rs35251378	ENSG00000161888	Spleen	0.0683456679782332	962	0.999687
rs35251378	ENSG00000197256	Spleen	0.0592192162521225	900	0.999838
rs35251378	ENSG00000267082	Spleen	0.066081143592207	887	0.998777
rs35251378	ENSG00000273733	Spleen	0.128069590957599	847	0.993018
rs35251378	ENSG00000130173	Spleen	0.0616232770347119	821	0.999635
rs35251378	ENSG00000130158	Spleen	0.0605955827360031	778	0.996804
rs35251378	ENSG00000130167	Spleen	0.0506231277643878	703	0.998498
rs35251378	ENSG00000267174	Spleen	0.0569132449159713	627	0.999206
rs35251378	ENSG00000183401	Spleen	0.0606657786590769	560	0.995828
rs35251378	ENSG00000105514	Spleen	0.063603539793563	558	0.997775
rs35251378	ENSG00000105518	Spleen	0.0532341537710945	558	0.99327
rs35251378	ENSG00000105520	Spleen	0.0507698179648512	538	0.998022
rs35251378	ENSG00000173928	Spleen	0.0735962465204539	488	0.998121
rs35251378	ENSG00000267277	Spleen	0.0919972952349437	488	0.993908
rs35251378	ENSG00000187266	Spleen	0.0801730412971131	469	0.994158
rs35251378	ENSG00000205517	Spleen	0.0715064819032001	413	0.995345
rs35251378	ENSG00000130175	Spleen	0.0764537164404756	394	0.993549
rs35251378	ENSG00000198003	Spleen	0.0699966579450023	394	0.999641
rs35251378	ENSG00000161914	Spleen	0.0966340811164663	260	0.991475
rs35251378	ENSG00000130159	Spleen	0.00286237688126352	208	0.999728
rs35251378	ENSG00000130176	Spleen	0.00253012361416407	188	0.999506
rs35251378	ENSG00000130165	Spleen	0.00166068395318976	126	0.984453
rs35251378	ENSG00000198551	Spleen	0.00162724162082266	126	0.979696
rs35251378	ENSG00000102575	Spleen	0.000532435843369545	67	0.934435
rs35251378	ENSG00000065989	Whole_Blood	0.0350237213044146	1067	0.998706
rs35251378	ENSG00000076662	Whole_Blood	0.00305051254345105	1067	0.999063
rs35251378	ENSG00000079805	Whole_Blood	0.170277943220723	1067	0.999825
rs35251378	ENSG00000079999	Whole_Blood	0.0353546910676389	1067	0.999166
rs35251378	ENSG00000080573	Whole_Blood	0.0331897601991036	1067	0.999198
rs35251378	ENSG00000090339	Whole_Blood	0.044278209752981	1067	0.999191
rs35251378	ENSG00000099203	Whole_Blood	0.0415589302327591	1067	0.999681
rs35251378	ENSG00000105088	Whole_Blood	0.121294881439627	1067	0.999178
rs35251378	ENSG00000105364	Whole_Blood	0.0361610926703727	1067	0.999335
rs35251378	ENSG00000105376	Whole_Blood	0.242366875147287	1067	0.999346
rs35251378	ENSG00000105397	Whole_Blood	0.806257620675076	1067	0.996076
rs35251378	ENSG00000105401	Whole_Blood	0.130642584172598	1067	0.999669
rs35251378	ENSG00000127445	Whole_Blood	0.151155029839863	1067	0.999268
rs35251378	ENSG00000127452	Whole_Blood	0.0371753115875762	1067	0.999979
rs35251378	ENSG00000127616	Whole_Blood	0.0384999895357642	1067	0.999233
rs35251378	ENSG00000129347	Whole_Blood	2.73741402088614e-06	1067	0.998023
rs35251378	ENSG00000129351	Whole_Blood	0.0507197738428016	1067	0.999968
rs35251378	ENSG00000129353	Whole_Blood	5.07429961553448e-08	1067	0.995755
rs35251378	ENSG00000129354	Whole_Blood	4.29639078177844e-09	1067	0.999846
rs35251378	ENSG00000129355	Whole_Blood	0.0703747675147284	1067	0.998692
rs35251378	ENSG00000130164	Whole_Blood	0.0993408971940654	1067	0.999933
rs35251378	ENSG00000130733	Whole_Blood	0.0448859469006555	1067	0.997273
rs35251378	ENSG00000130734	Whole_Blood	0.235255327209754	1067	0.999149
rs35251378	ENSG00000130803	Whole_Blood	0.0427344338185675	56	0.959589
rs35251378	ENSG00000130810	Whole_Blood	0.0462745814189872	1067	0.999766
rs35251378	ENSG00000130811	Whole_Blood	2.83315652424725e-09	1067	0.999038
rs35251378	ENSG00000130812	Whole_Blood	1.8968220826844e-07	1067	0.998796
rs35251378	ENSG00000130813	Whole_Blood	6.21405812264688e-06	1067	0.997372
rs35251378	ENSG00000130816	Whole_Blood	0.0358427902061512	1067	0.999443
rs35251378	ENSG00000130818	Whole_Blood	0.0367499051851129	873	0.998596
rs35251378	ENSG00000142444	Whole_Blood	0.0408874424588651	1067	0.999821
rs35251378	ENSG00000142453	Whole_Blood	0.0345625882007633	1067	0.998843
rs35251378	ENSG00000161847	Whole_Blood	0.523677334806382	1067	0.999233
rs35251378	ENSG00000171466	Whole_Blood	0.0339814760421826	1067	0.998636
rs35251378	ENSG00000171469	Whole_Blood	0.0622025886880283	1067	0.999831
rs35251378	ENSG00000174652	Whole_Blood	0.0432020804174295	663	0.998033
rs35251378	ENSG00000180739	Whole_Blood	0.171389100394601	1067	0.997539
rs35251378	ENSG00000188321	Whole_Blood	0.0943252836150376	425	0.996512
rs35251378	ENSG00000196110	Whole_Blood	0.0611235461261503	381	0.999608
rs35251378	ENSG00000196605	Whole_Blood	0.0349489225230042	1067	0.997102
rs35251378	ENSG00000197961	Whole_Blood	0.0499820012709535	1026	0.999392
rs35251378	ENSG00000198258	Whole_Blood	0.0573598156843982	1067	0.998837
rs35251378	ENSG00000213339	Whole_Blood	0.0870867884223911	1067	0.999744
rs35251378	ENSG00000214212	Whole_Blood	0.0346180362307732	1067	0.999849
rs35251378	ENSG00000220201	Whole_Blood	0.0476070426770477	1067	0.998827
rs35251378	ENSG00000244165	Whole_Blood	0.0350463693189396	1067	0.99993
rs35251378	ENSG00000266936	Whole_Blood	0.0412554913209119	1067	0.998387
rs35251378	ENSG00000267100	Whole_Blood	0.223178001297457	1067	0.999793
rs35251378	ENSG00000267197	Whole_Blood	0.0352555581298244	1067	0.998519
rs35251378	ENSG00000267387	Whole_Blood	0.0370931498799089	1067	0.998993
rs35251378	ENSG00000267534	Whole_Blood	0.0414354362322336	1067	0.996142
rs35251378	ENSG00000267612	Whole_Blood	0.0750769308389155	1067	0.999288
rs35251378	ENSG00000274425	Whole_Blood	0.0433636702501321	1067	0.999846
rs35251378	ENSG00000277587	Whole_Blood	0.0350635554341357	1067	0.999711
rs35251378	ENSG00000278611	Whole_Blood	0.0475879927313023	873	0.998906
rs35251378	ENSG00000161888	Whole_Blood	0.0500118171492843	983	0.999199
rs35251378	ENSG00000197256	Whole_Blood	0.0414522800049188	920	0.999422
rs35251378	ENSG00000267082	Whole_Blood	0.0356381750474057	907	0.998216
rs35251378	ENSG00000130158	Whole_Blood	0.041817406505011	791	0.999561
rs35251378	ENSG00000130167	Whole_Blood	0.0591854410583992	717	0.999504
rs35251378	ENSG00000267174	Whole_Blood	0.0405705356654002	639	0.999252
rs35251378	ENSG00000183401	Whole_Blood	0.0361533254093287	571	0.999023
rs35251378	ENSG00000105514	Whole_Blood	0.0367170561591109	569	0.997407
rs35251378	ENSG00000105518	Whole_Blood	0.0392689350112823	569	0.993341
rs35251378	ENSG00000105520	Whole_Blood	0.0505259679875981	549	0.998831
rs35251378	ENSG00000173928	Whole_Blood	0.108258826789643	499	0.998199
rs35251378	ENSG00000267277	Whole_Blood	0.0628630267627537	499	0.997224
rs35251378	ENSG00000187266	Whole_Blood	0.0543626754405154	480	0.999585
rs35251378	ENSG00000205517	Whole_Blood	0.0549684074727083	423	0.99688
rs35251378	ENSG00000130175	Whole_Blood	0.0634693379693228	404	0.99805
rs35251378	ENSG00000198003	Whole_Blood	0.0514442890762335	404	0.99472
rs35251378	ENSG00000161914	Whole_Blood	0.0470122457382419	267	0.999822
rs35251378	ENSG00000130159	Whole_Blood	0.0055204183923969	213	0.974689
rs35251378	ENSG00000130176	Whole_Blood	0.00316598515859542	192	0.997222
rs35251378	ENSG00000130165	Whole_Blood	0.0210488691654741	127	0.94957
rs35251378	ENSG00000198551	Whole_Blood	0.00202545300809457	127	0.999325
rs35251378	ENSG00000102575	Whole_Blood	0.000446277427100906	67	0.993532
rs353608	ENSG00000026508	Spleen	0.0633564755032008	1685	0.99971
rs353608	ENSG00000110435	Spleen	0.00286083556580159	1685	0.997948
rs353608	ENSG00000121691	Spleen	0.0515811683950165	1685	0.999932
rs353608	ENSG00000135363	Spleen	0.12396375968719	241	0.963178
rs353608	ENSG00000135372	Spleen	0.0771360732220837	1035	0.997831
rs353608	ENSG00000135373	Spleen	0.0638426392077212	1685	0.999793
rs353608	ENSG00000135374	Spleen	0.0477727131768501	1685	0.998699
rs353608	ENSG00000135387	Spleen	0.0503571582680186	862	0.999534
rs353608	ENSG00000149089	Spleen	5.0040367230091e-06	1685	0.999101
rs353608	ENSG00000149090	Spleen	0.0466231279816884	1685	0.999677
rs353608	ENSG00000166016	Spleen	0.0467763350978069	1685	0.997732
rs353608	ENSG00000166326	Spleen	0.0495765765143767	1685	0.999312
rs353608	ENSG00000179431	Spleen	0.0550582223692077	1685	0.995968
rs353608	ENSG00000251194	Spleen	0.0580987412076777	1685	0.997573
rs353608	ENSG00000255443	Spleen	0.00612044782017611	1685	0.995988
rs353608	ENSG00000289526	Spleen	0.901266469155677	1685	0.997501
rs353608	ENSG00000179241	Spleen	0.0627883414275108	1111	0.999674
rs353608	ENSG00000110442	Spleen	0.00166593097263399	138	0.980644
rs353608	ENSG00000135362	Spleen	0.000638069276573649	100	0.98769
rs353608	ENSG00000026508	Whole_Blood	0.0295600306729219	1711	0.999317
rs353608	ENSG00000110435	Whole_Blood	0.00396413282595942	1711	0.999979
rs353608	ENSG00000121691	Whole_Blood	0.131864767362138	1711	0.998718
rs353608	ENSG00000135363	Whole_Blood	0.0566941489344762	242	0.999411
rs353608	ENSG00000135372	Whole_Blood	0.0335042242349839	1046	0.995607
rs353608	ENSG00000135387	Whole_Blood	0.0539190947122892	870	0.995603
rs353608	ENSG00000149089	Whole_Blood	0.00111719692041471	1711	0.999352
rs353608	ENSG00000166016	Whole_Blood	0.0362881242846518	1711	0.999179
rs353608	ENSG00000166326	Whole_Blood	0.0498298397830485	1711	0.999743
rs353608	ENSG00000251194	Whole_Blood	0.00188360775751235	1711	0.995712
rs353608	ENSG00000255443	Whole_Blood	1.06362253337389e-07	1711	0.995733
rs353608	ENSG00000179241	Whole_Blood	0.0340471923671167	1135	0.998742
rs353608	ENSG00000110442	Whole_Blood	0.00146438683772162	140	0.999889
rs353608	ENSG00000135362	Whole_Blood	0.000879134615967146	102	0.991887
rs367543	ENSG00000104626	Spleen	0.322045882596676	1961	0.999964
rs367543	ENSG00000147324	Spleen	0.0480772942682359	1961	0.9998
rs367543	ENSG00000173273	Spleen	0.0625034336395568	1961	0.999822
rs367543	ENSG00000173281	Spleen	0.191666868755283	1961	0.999624
rs367543	ENSG00000253230	Spleen	0.0514847077727555	1961	0.999354
rs367543	ENSG00000253893	Spleen	0.926254935809684	1039	0.999825
rs367543	ENSG00000253958	Spleen	0.0639106151098102	1961	0.999439
rs367543	ENSG00000254153	Spleen	0.217803485171805	1961	0.998896
rs367543	ENSG00000254340	Spleen	0.0733505053238412	1961	0.999708
rs367543	ENSG00000254367	Spleen	0.0723883339600591	1961	0.999833
rs367543	ENSG00000272267	Spleen	0.0598304165937541	1961	0.999562
rs367543	ENSG00000275342	Spleen	0.134421939255068	1794	0.997609
rs367543	ENSG00000279949	Spleen	0.151146320924572	1961	0.998917
rs367543	ENSG00000284606	Spleen	0.0542118893839178	478	0.998978
rs367543	ENSG00000175806	Spleen	0.0520548822570639	1502	0.996975
rs367543	ENSG00000104626	Whole_Blood	4.2000260513521e-05	2008	0.999146
rs367543	ENSG00000147324	Whole_Blood	0.102136711734551	2008	0.999552
rs367543	ENSG00000173273	Whole_Blood	0.0362613624372159	2008	0.998989
rs367543	ENSG00000173281	Whole_Blood	0.0376023422924709	2008	0.999793
rs367543	ENSG00000254340	Whole_Blood	0.0601576456542478	2008	0.999977
rs367543	ENSG00000275342	Whole_Blood	0.064792131562244	1839	0.997137
rs367543	ENSG00000175806	Whole_Blood	0.0367326598556982	1530	0.999966
rs3809823	ENSG00000004975	Spleen	0.532168808491065	1052	0.99967
rs3809823	ENSG00000006047	Spleen	0.0417174906619268	1052	0.999975
rs3809823	ENSG00000040633	Spleen	0.0555744365000475	1052	0.999051
rs3809823	ENSG00000072778	Spleen	0.0540810897842663	1052	0.999034
rs3809823	ENSG00000072818	Spleen	0.97520086948685	1052	0.998434
rs3809823	ENSG00000091622	Spleen	0.0521490329141097	996	0.99904
rs3809823	ENSG00000108590	Spleen	0.0688371711489707	1052	0.997987
rs3809823	ENSG00000108839	Spleen	0.0566321524220547	1052	0.998819
rs3809823	ENSG00000108947	Spleen	0.0656952942088122	1052	0.996012
rs3809823	ENSG00000129194	Spleen	0.0819535221444993	1052	0.999021
rs3809823	ENSG00000129195	Spleen	0.0565907172326385	697	0.999659
rs3809823	ENSG00000129214	Spleen	0.0748149122352366	1052	0.999952
rs3809823	ENSG00000129226	Spleen	0.0583349776105046	1052	0.998805
rs3809823	ENSG00000129235	Spleen	0.0939103810399305	1052	0.999537
rs3809823	ENSG00000129244	Spleen	0.0489519282701845	1052	0.99902
rs3809823	ENSG00000129245	Spleen	0.0493552459773271	1052	0.999558
rs3809823	ENSG00000129255	Spleen	0.0582515643199143	1052	0.998355
rs3809823	ENSG00000132507	Spleen	4.45866045805199e-06	1052	0.999851
rs3809823	ENSG00000132510	Spleen	0.0998385476559554	1052	0.998296
rs3809823	ENSG00000132514	Spleen	0.0698844715859794	1052	0.997852
rs3809823	ENSG00000132522	Spleen	0.0489524477841563	1052	0.999545
rs3809823	ENSG00000132530	Spleen	0.0728599483249637	1052	0.998248
rs3809823	ENSG00000132535	Spleen	0.0504754422154585	1052	0.999269
rs3809823	ENSG00000141485	Spleen	0.0503335794388176	1052	0.999237
rs3809823	ENSG00000141499	Spleen	0.0553863566102899	1052	0.999204
rs3809823	ENSG00000141504	Spleen	0.0490517849241886	1052	0.995299
rs3809823	ENSG00000141505	Spleen	0.183917476779858	1052	0.996409
rs3809823	ENSG00000141510	Spleen	0.0485289795604294	1052	0.999267
rs3809823	ENSG00000161940	Spleen	0.0720878774496435	1052	0.999828
rs3809823	ENSG00000161944	Spleen	0.0818421793770479	1052	0.999514
rs3809823	ENSG00000161955	Spleen	0.0610007406263819	1052	0.994432
rs3809823	ENSG00000161956	Spleen	0.218614961340198	1052	0.999741
rs3809823	ENSG00000161960	Spleen	0.049039991042184	1052	0.999213
rs3809823	ENSG00000167874	Spleen	0.0500548726072204	1052	0.999618
rs3809823	ENSG00000169992	Spleen	0.0490208826778811	1052	0.999746
rs3809823	ENSG00000170004	Spleen	0.0503542489582442	1052	0.999952
rs3809823	ENSG00000170037	Spleen	0.0516162113906282	1052	0.999777
rs3809823	ENSG00000170043	Spleen	0.0565724785209295	1052	0.999862
rs3809823	ENSG00000170049	Spleen	0.0493852367446976	1052	0.998404
rs3809823	ENSG00000170175	Spleen	0.0511758353724661	1052	0.997338
rs3809823	ENSG00000170291	Spleen	0.0560908861272278	1052	0.999475
rs3809823	ENSG00000170296	Spleen	0.0697068581661915	1052	0.999205
rs3809823	ENSG00000174282	Spleen	0.0494392073889832	1052	0.998506
rs3809823	ENSG00000174292	Spleen	0.0543784070130451	1052	0.998846
rs3809823	ENSG00000174326	Spleen	0.0488959369029613	1052	0.99876
rs3809823	ENSG00000174327	Spleen	0.0705269207647736	1052	0.999874
rs3809823	ENSG00000175826	Spleen	0.0562615985646079	1052	0.998892
rs3809823	ENSG00000177294	Spleen	0.047644925812956	1052	0.999118
rs3809823	ENSG00000179593	Spleen	0.0887221984902472	1052	0.996962
rs3809823	ENSG00000179859	Spleen	0.0490183340089663	1052	0.99812
rs3809823	ENSG00000181222	Spleen	0.0628205347709573	1052	0.999983
rs3809823	ENSG00000181284	Spleen	0.0610350662817658	1052	0.999965
rs3809823	ENSG00000181856	Spleen	0.049800949096754	1052	0.997437
rs3809823	ENSG00000181885	Spleen	3.50083788546229e-06	1052	0.995387
rs3809823	ENSG00000182224	Spleen	0.0495389239812649	1052	0.999911
rs3809823	ENSG00000183011	Spleen	0.0791608172859852	1052	0.997756
rs3809823	ENSG00000187838	Spleen	0.0484700228990372	1052	0.997251
rs3809823	ENSG00000198920	Spleen	0.0902699998701522	1052	0.999922
rs3809823	ENSG00000205544	Spleen	0.20779497938177	1052	0.999646
rs3809823	ENSG00000213859	Spleen	0.0492291913740805	1052	0.997405
rs3809823	ENSG00000214999	Spleen	0.0540236134281435	1052	0.999828
rs3809823	ENSG00000215041	Spleen	0.437033663788564	1052	0.998722
rs3809823	ENSG00000215067	Spleen	0.105068841074062	1052	0.999567
rs3809823	ENSG00000219200	Spleen	0.0494501039416546	1052	0.998158
rs3809823	ENSG00000233223	Spleen	2.5794704934626e-05	1052	0.998992
rs3809823	ENSG00000239697	Spleen	0.146180449200625	1052	0.994761
rs3809823	ENSG00000256806	Spleen	0.0514878451986127	1052	0.999804
rs3809823	ENSG00000258315	Spleen	0.0554215716400211	1052	0.998553
rs3809823	ENSG00000261996	Spleen	0.0596749288261007	1052	0.99634
rs3809823	ENSG00000262089	Spleen	0.069173353915131	1052	0.998022
rs3809823	ENSG00000263301	Spleen	0.0777968617659223	1052	0.998347
rs3809823	ENSG00000263316	Spleen	0.0635957510054522	1052	0.999977
rs3809823	ENSG00000264772	Spleen	0.0623369925160074	1052	0.996872
rs3809823	ENSG00000267532	Spleen	0.146327466266299	1052	0.999315
rs3809823	ENSG00000276384	Spleen	0.0534603499618262	1052	0.996817
rs3809823	ENSG00000288748	Spleen	0.0499326374526741	1052	0.999625
rs3809823	ENSG00000288929	Spleen	0.0538600770172076	1052	0.999686
rs3809823	ENSG00000179111	Spleen	0.0562706709603884	900	0.998866
rs3809823	ENSG00000288993	Spleen	0.0673624522475644	895	0.999018
rs3809823	ENSG00000179094	Spleen	0.0667906394743363	835	0.998759
rs3809823	ENSG00000220205	Spleen	0.0503502381069449	830	0.996339
rs3809823	ENSG00000179029	Spleen	0.0649510161404727	822	0.999223
rs3809823	ENSG00000266824	Spleen	0.109541719641816	822	0.998387
rs3809823	ENSG00000196544	Spleen	0.0571648803094806	801	0.998461
rs3809823	ENSG00000178999	Spleen	0.156237015763827	778	0.999595
rs3809823	ENSG00000178977	Spleen	0.152173871751016	762	0.999927
rs3809823	ENSG00000178921	Spleen	0.0512671592068733	744	0.991904
rs3809823	ENSG00000178971	Spleen	0.0594945731164202	743	0.998905
rs3809823	ENSG00000269947	Spleen	0.0617267471422384	704	0.999183
rs3809823	ENSG00000108961	Spleen	0.0954723460229493	693	0.998285
rs3809823	ENSG00000125434	Spleen	0.107018610211322	679	0.999326
rs3809823	ENSG00000198844	Spleen	0.0817320860362651	643	0.99595
rs3809823	ENSG00000226871	Spleen	0.0537828490907787	621	0.994163
rs3809823	ENSG00000265749	Spleen	0.00533868714307546	540	0.997185
rs3809823	ENSG00000184619	Spleen	0.00502256018076907	496	0.99452
rs3809823	ENSG00000161970	Spleen	0.00569874360845579	477	0.996383
rs3809823	ENSG00000288750	Spleen	0.00443786092645224	477	0.99722
rs3809823	ENSG00000166579	Spleen	0.00274834640265128	407	0.99632
rs3809823	ENSG00000004975	Whole_Blood	0.286505612531684	1072	0.99989
rs3809823	ENSG00000040633	Whole_Blood	0.0508145486635671	1072	0.996006
rs3809823	ENSG00000072778	Whole_Blood	3.78243592072874e-06	1072	0.99913
rs3809823	ENSG00000072818	Whole_Blood	0.983434882684976	1072	0.999367
rs3809823	ENSG00000108590	Whole_Blood	0.0366587506413352	1072	0.997091
rs3809823	ENSG00000108839	Whole_Blood	0.0330749316914929	1072	0.999695
rs3809823	ENSG00000129194	Whole_Blood	0.0453283090196421	1072	0.999688
rs3809823	ENSG00000129195	Whole_Blood	0.037878092488903	716	0.999724
rs3809823	ENSG00000129226	Whole_Blood	2.20886594600401e-05	1072	0.997533
rs3809823	ENSG00000129235	Whole_Blood	0.0532704350085206	1072	0.997893
rs3809823	ENSG00000129244	Whole_Blood	0.0299750695273573	1072	0.998472
rs3809823	ENSG00000129245	Whole_Blood	0.0336138618445172	1072	0.999865
rs3809823	ENSG00000129255	Whole_Blood	0.0365689570162137	1072	0.99954
rs3809823	ENSG00000132507	Whole_Blood	1.28370993391424e-05	1072	0.999436
rs3809823	ENSG00000132510	Whole_Blood	0.0558774004726427	1072	0.99917
rs3809823	ENSG00000132514	Whole_Blood	0.0294439600198003	1072	0.999951
rs3809823	ENSG00000132518	Whole_Blood	0.0711294721100286	1072	0.999308
rs3809823	ENSG00000132522	Whole_Blood	0.0421834609687909	1072	0.999591
rs3809823	ENSG00000132530	Whole_Blood	0.0368697674121248	1072	0.999791
rs3809823	ENSG00000132535	Whole_Blood	0.0495085403610944	1072	0.998292
rs3809823	ENSG00000141499	Whole_Blood	0.150615568053563	1072	0.999577
rs3809823	ENSG00000141504	Whole_Blood	0.0244918516294689	1072	0.998542
rs3809823	ENSG00000141505	Whole_Blood	0.032877899292134	1072	0.99923
rs3809823	ENSG00000141510	Whole_Blood	0.0529893146189899	1072	0.999914
rs3809823	ENSG00000161944	Whole_Blood	0.00971933495201391	1072	0.999876
rs3809823	ENSG00000161955	Whole_Blood	0.00096745995073039	1072	0.997762
rs3809823	ENSG00000161956	Whole_Blood	0.893678849695376	1072	0.999941
rs3809823	ENSG00000161960	Whole_Blood	0.0384572738749948	1072	0.999923
rs3809823	ENSG00000167874	Whole_Blood	0.0345259193834253	1072	0.999461
rs3809823	ENSG00000169992	Whole_Blood	0.0362322833671188	1072	0.99758
rs3809823	ENSG00000170004	Whole_Blood	0.0463848509255179	1072	0.999406
rs3809823	ENSG00000170037	Whole_Blood	0.0360261141876002	1072	0.999651
rs3809823	ENSG00000170043	Whole_Blood	0.0395991906353149	1072	0.99805
rs3809823	ENSG00000170049	Whole_Blood	0.147778675392007	1072	0.998047
rs3809823	ENSG00000170175	Whole_Blood	5.94452650545676e-06	1072	0.997437
rs3809823	ENSG00000170291	Whole_Blood	3.60585988375094e-06	1072	0.999894
rs3809823	ENSG00000170296	Whole_Blood	0.0844946241263065	1072	0.999354
rs3809823	ENSG00000174282	Whole_Blood	0.0346439757631162	1072	0.999817
rs3809823	ENSG00000174292	Whole_Blood	0.0754571913655599	1072	0.999606
rs3809823	ENSG00000174326	Whole_Blood	0.0345130862295278	1072	0.996055
rs3809823	ENSG00000174327	Whole_Blood	0.0347817489819452	1072	0.998648
rs3809823	ENSG00000175826	Whole_Blood	2.6021902495942e-05	1072	0.999122
rs3809823	ENSG00000179593	Whole_Blood	0.245658086559573	1072	0.999942
rs3809823	ENSG00000179859	Whole_Blood	0.0341199906228137	1072	0.99762
rs3809823	ENSG00000181222	Whole_Blood	0.040487304119646	1072	0.999905
rs3809823	ENSG00000181284	Whole_Blood	0.036081075647656	1072	0.996709
rs3809823	ENSG00000181856	Whole_Blood	0.0384203467763597	1072	0.999703
rs3809823	ENSG00000181885	Whole_Blood	0.410095842084711	1072	0.998071
rs3809823	ENSG00000183011	Whole_Blood	0.0346412623271614	1072	0.999307
rs3809823	ENSG00000187838	Whole_Blood	0.0309954208568736	1072	0.995094
rs3809823	ENSG00000198920	Whole_Blood	0.0366107227405216	1072	0.999161
rs3809823	ENSG00000205544	Whole_Blood	0.0374249557663117	1072	0.996852
rs3809823	ENSG00000213859	Whole_Blood	0.040427409621767	1072	0.995965
rs3809823	ENSG00000214999	Whole_Blood	0.0360007449831742	1072	0.999257
rs3809823	ENSG00000215041	Whole_Blood	0.0383072726808788	1072	0.998409
rs3809823	ENSG00000215067	Whole_Blood	0.0364332202026066	1072	0.999888
rs3809823	ENSG00000219200	Whole_Blood	0.862561722896967	1072	0.999315
rs3809823	ENSG00000233223	Whole_Blood	0.00423743189565371	1072	0.999193
rs3809823	ENSG00000239697	Whole_Blood	5.52583906067803e-05	1072	0.995031
rs3809823	ENSG00000256806	Whole_Blood	0.0395173860445047	1072	0.999837
rs3809823	ENSG00000258315	Whole_Blood	0.0360745110724815	1072	0.998965
rs3809823	ENSG00000261996	Whole_Blood	0.0410858678915634	1072	0.99901
rs3809823	ENSG00000262089	Whole_Blood	0.0358116190705521	1072	0.998214
rs3809823	ENSG00000263301	Whole_Blood	0.082214840271002	1072	0.997102
rs3809823	ENSG00000276384	Whole_Blood	0.0503691402554977	1072	0.998208
rs3809823	ENSG00000288748	Whole_Blood	0.0390453811796081	1072	0.997835
rs3809823	ENSG00000288929	Whole_Blood	0.0555635668568305	1072	0.999436
rs3809823	ENSG00000179111	Whole_Blood	0.0498500718436285	917	0.999839
rs3809823	ENSG00000179094	Whole_Blood	0.0380682274398063	852	0.999031
rs3809823	ENSG00000220205	Whole_Blood	0.0365536894420884	847	0.99834
rs3809823	ENSG00000179029	Whole_Blood	0.053067297236878	838	0.999122
rs3809823	ENSG00000266824	Whole_Blood	0.109899034112562	838	0.998871
rs3809823	ENSG00000196544	Whole_Blood	0.064699080295427	816	0.997117
rs3809823	ENSG00000178999	Whole_Blood	0.040697731108194	790	0.999312
rs3809823	ENSG00000178977	Whole_Blood	0.122967649151014	774	0.998402
rs3809823	ENSG00000178921	Whole_Blood	0.0389276085831413	755	0.999678
rs3809823	ENSG00000178971	Whole_Blood	0.0422294539984889	754	0.998332
rs3809823	ENSG00000108961	Whole_Blood	0.0368823065413659	700	0.999756
rs3809823	ENSG00000125434	Whole_Blood	0.0557761686980515	686	0.997991
rs3809823	ENSG00000265749	Whole_Blood	0.00561317077530967	541	0.999083
rs3809823	ENSG00000184619	Whole_Blood	0.00392263889324877	497	0.998391
rs3809823	ENSG00000161970	Whole_Blood	0.00999266329011936	478	0.99486
rs3809823	ENSG00000166579	Whole_Blood	0.0019507878453191	408	0.999394
rs389884	ENSG00000137310	Spleen	0.0658160488372845	805	0.998855
rs389884	ENSG00000137411	Spleen	0.0636093600296709	413	0.999818
rs389884	ENSG00000166278	Spleen	0.107362679661393	957	0.996013
rs389884	ENSG00000168477	Spleen	0.198481957557284	957	0.999036
rs389884	ENSG00000179344	Spleen	0.0558831993381204	957	0.993449
rs389884	ENSG00000196126	Spleen	1.80293868084256e-05	957	0.997732
rs389884	ENSG00000196260	Spleen	0.108191924228252	506	0.999869
rs389884	ENSG00000196735	Spleen	0.096662420117471	957	0.993841
rs389884	ENSG00000198502	Spleen	1.13761545453759e-07	957	0.998719
rs389884	ENSG00000198563	Spleen	0.0655919393887252	957	0.99878
rs389884	ENSG00000204287	Spleen	0.0985430023527001	957	0.998166
rs389884	ENSG00000204290	Spleen	0.2138128344734	957	0.990671
rs389884	ENSG00000204301	Spleen	1.16449156863945e-05	957	0.999407
rs389884	ENSG00000204304	Spleen	0.107137021531457	957	0.99981
rs389884	ENSG00000204305	Spleen	0.0507642431494235	957	0.996347
rs389884	ENSG00000204308	Spleen	0.194547013469617	957	0.996854
rs389884	ENSG00000204310	Spleen	0.063225362881514	957	0.998349
rs389884	ENSG00000204314	Spleen	0.0623993080253373	957	0.996716
rs389884	ENSG00000204315	Spleen	0.0662931256347908	957	0.997849
rs389884	ENSG00000204344	Spleen	0.0943495732044591	957	0.995331
rs389884	ENSG00000204348	Spleen	0.119379377473275	957	0.996339
rs389884	ENSG00000204351	Spleen	1.79043748043321e-14	957	0.999323
rs389884	ENSG00000204356	Spleen	0.0853242722167243	957	0.997868
rs389884	ENSG00000204366	Spleen	0.145688785059499	957	0.994221
rs389884	ENSG00000204371	Spleen	0.0655257456500853	957	0.999911
rs389884	ENSG00000204385	Spleen	0.0707079186523929	957	0.999383
rs389884	ENSG00000204386	Spleen	0.101492244478853	957	0.998938
rs389884	ENSG00000204387	Spleen	0.0627842690742627	957	0.999375
rs389884	ENSG00000204388	Spleen	0.117297948941324	957	0.999557
rs389884	ENSG00000204389	Spleen	0.100488762632693	957	0.996688
rs389884	ENSG00000204390	Spleen	0.165347012354853	957	0.999514
rs389884	ENSG00000204392	Spleen	0.0703679442607067	957	0.998271
rs389884	ENSG00000204394	Spleen	0.0695813001455574	957	0.99783
rs389884	ENSG00000204396	Spleen	0.0639707094126423	957	0.99619
rs389884	ENSG00000204410	Spleen	0.062024477571367	957	0.994042
rs389884	ENSG00000204420	Spleen	0.0637495659948432	957	0.999751
rs389884	ENSG00000204421	Spleen	0.0635944961559886	957	0.998123
rs389884	ENSG00000204424	Spleen	0.0969665694562347	957	0.999132
rs389884	ENSG00000204427	Spleen	0.0671393964257702	957	0.999253
rs389884	ENSG00000204428	Spleen	1.24807994847746e-12	957	0.999968
rs389884	ENSG00000204435	Spleen	0.0642702771853606	957	0.999391
rs389884	ENSG00000204438	Spleen	0.149544213776367	957	0.996525
rs389884	ENSG00000204439	Spleen	0.0651649473674799	957	0.999311
rs389884	ENSG00000204444	Spleen	0.0879456601646717	957	0.997944
rs389884	ENSG00000204463	Spleen	0.0837672181783055	957	0.998916
rs389884	ENSG00000204469	Spleen	0.0673999664491056	957	0.995684
rs389884	ENSG00000204472	Spleen	0.0629906074924409	957	0.998657
rs389884	ENSG00000204475	Spleen	0.0681442167799444	957	0.999879
rs389884	ENSG00000204482	Spleen	0.10524584059364	957	0.999941
rs389884	ENSG00000204498	Spleen	0.0667309710378079	957	0.996258
rs389884	ENSG00000204516	Spleen	0.0286967549667046	957	0.998711
rs389884	ENSG00000204520	Spleen	0.106495930134245	957	0.994881
rs389884	ENSG00000204525	Spleen	0.75671562363357	957	0.997427
rs389884	ENSG00000204528	Spleen	0.132212229291821	840	0.998995
rs389884	ENSG00000204531	Spleen	0.0655296725862655	848	0.997964
rs389884	ENSG00000204536	Spleen	0.931758195470221	805	0.99625
rs389884	ENSG00000204538	Spleen	0.240768921858858	775	0.999266
rs389884	ENSG00000204540	Spleen	0.331698361917101	740	0.99875
rs389884	ENSG00000204580	Spleen	0.0959549408748133	329	0.998085
rs389884	ENSG00000206337	Spleen	0.0682283926091921	957	0.997513
rs389884	ENSG00000206344	Spleen	0.0782893144499982	871	0.998245
rs389884	ENSG00000213654	Spleen	0.0735550730030123	957	0.998293
rs389884	ENSG00000213676	Spleen	0.0794558951872623	957	0.994939
rs389884	ENSG00000213719	Spleen	0.158966040987966	957	0.999263
rs389884	ENSG00000213722	Spleen	0.15510475393447	957	0.996244
rs389884	ENSG00000213760	Spleen	0.0639477458275262	957	0.994721
rs389884	ENSG00000213780	Spleen	0.0812968835855473	398	0.99465
rs389884	ENSG00000214894	Spleen	0.12096389100049	195	0.97965
rs389884	ENSG00000221988	Spleen	0.065399794808533	957	0.997948
rs389884	ENSG00000223534	Spleen	0.155462952759426	957	0.992226
rs389884	ENSG00000224389	Spleen	0.0641343313235679	957	0.99908
rs389884	ENSG00000225914	Spleen	0.0827850658686028	957	0.991484
rs389884	ENSG00000226979	Spleen	0.0628232896952414	957	0.99838
rs389884	ENSG00000227507	Spleen	0.0661242917162769	957	0.999843
rs389884	ENSG00000228727	Spleen	0.0688507588685727	957	0.99831
rs389884	ENSG00000231852	Spleen	0.036952952863246	957	0.995302
rs389884	ENSG00000232810	Spleen	0.066272976040773	957	0.998883
rs389884	ENSG00000234006	Spleen	0.102466744585908	957	0.99969
rs389884	ENSG00000234745	Spleen	0.0886077024582812	957	0.98653
rs389884	ENSG00000235663	Spleen	0.0658607460781099	957	0.999416
rs389884	ENSG00000237080	Spleen	0.0680060713967124	957	0.999327
rs389884	ENSG00000240053	Spleen	0.328761768890836	957	0.990647
rs389884	ENSG00000241404	Spleen	0.0643112735266859	957	0.999708
rs389884	ENSG00000243649	Spleen	0.211622750852244	957	0.998163
rs389884	ENSG00000244731	Spleen	0.962214126538333	957	0.988946
rs389884	ENSG00000255152	Spleen	0.0616538772601079	957	0.999193
rs389884	ENSG00000255552	Spleen	0.0704409647262487	957	0.999842
rs389884	ENSG00000256166	Spleen	0.097052086727689	957	0.998785
rs389884	ENSG00000258388	Spleen	0.0817453966769106	957	0.998512
rs389884	ENSG00000271821	Spleen	0.0659613032588831	880	0.998425
rs389884	ENSG00000272221	Spleen	0.062582744353907	957	0.999018
rs389884	ENSG00000272501	Spleen	0.0806799291242066	872	0.983806
rs389884	ENSG00000281756	Spleen	0.0640359679576501	957	0.999932
rs389884	ENSG00000284954	Spleen	0.0776270466880763	957	0.999211
rs389884	ENSG00000286940	Spleen	0.164974772258851	957	0.999984
rs389884	ENSG00000286974	Spleen	0.0810954468659582	957	0.999129
rs389884	ENSG00000288813	Spleen	0.317583356652198	957	0.99438
rs389884	ENSG00000289375	Spleen	0.0676226129674779	957	0.992914
rs389884	ENSG00000289406	Spleen	0.0628333257647532	957	0.999887
rs389884	ENSG00000289637	Spleen	0.0933984777396059	957	0.99608
rs389884	ENSG00000237541	Spleen	0.0330726031760824	933	0.998517
rs389884	ENSG00000232629	Spleen	0.342665386842798	888	0.99928
rs389884	ENSG00000241106	Spleen	0.0818016362273377	776	0.999798
rs389884	ENSG00000204267	Spleen	0.0661340393193563	738	0.999841
rs389884	ENSG00000204261	Spleen	0.075027280013671	726	0.998203
rs389884	ENSG00000240065	Spleen	0.113472501434127	726	0.998228
rs389884	ENSG00000204264	Spleen	0.0680010609492703	724	0.997413
rs389884	ENSG00000168394	Spleen	0.066139358414185	691	0.999835
rs389884	ENSG00000289559	Spleen	0.0723856933899647	583	0.999966
rs389884	ENSG00000289047	Spleen	0.0847969114193909	582	0.996216
rs389884	ENSG00000242574	Spleen	0.239229986365084	484	0.998189
rs389884	ENSG00000248993	Spleen	0.654709625350253	452	0.992135
rs389884	ENSG00000204256	Spleen	0.0677363889406526	419	0.992595
rs389884	ENSG00000204257	Spleen	0.153863154495407	417	0.987079
rs389884	ENSG00000204252	Spleen	0.0832022222690735	382	0.99404
rs389884	ENSG00000223865	Spleen	0.0814726363315386	293	0.998835
rs389884	ENSG00000231389	Spleen	0.071663482284905	285	0.983569
rs389884	ENSG00000230313	Spleen	0.0710938414172	170	0.998498
rs389884	ENSG00000204248	Spleen	0.0918099863801791	96	0.996734
rs389884	ENSG00000112473	Spleen	0.0696692507290884	81	0.999705
rs389884	ENSG00000204231	Spleen	0.072071616360064	81	0.97923
rs389884	ENSG00000204228	Spleen	0.0664433835174047	70	0.943535
rs389884	ENSG00000204227	Spleen	0.0791187662489648	60	0.976125
rs389884	ENSG00000137310	Whole_Blood	0.0536475863830377	812	0.997507
rs389884	ENSG00000166278	Whole_Blood	0.672656481789952	964	0.996437
rs389884	ENSG00000168477	Whole_Blood	0.0474717207108933	964	0.998994
rs389884	ENSG00000179344	Whole_Blood	2.76874886145764e-19	964	0.99151
rs389884	ENSG00000196126	Whole_Blood	2.00054361430372e-40	964	0.995223
rs389884	ENSG00000196735	Whole_Blood	7.54395734645845e-09	964	0.999975
rs389884	ENSG00000198502	Whole_Blood	1.49279880388432e-41	964	0.998446
rs389884	ENSG00000198563	Whole_Blood	0.0585803641536001	964	0.998426
rs389884	ENSG00000204287	Whole_Blood	0.0491290696998142	964	0.998554
rs389884	ENSG00000204301	Whole_Blood	0.177039711001946	964	0.999594
rs389884	ENSG00000204304	Whole_Blood	0.102496679724813	964	0.999304
rs389884	ENSG00000204305	Whole_Blood	0.0735347706062171	964	0.998004
rs389884	ENSG00000204308	Whole_Blood	0.0766239501149699	964	0.998181
rs389884	ENSG00000204310	Whole_Blood	0.0483032452688706	964	0.999192
rs389884	ENSG00000204314	Whole_Blood	0.141404162181336	964	0.998658
rs389884	ENSG00000204315	Whole_Blood	0.0130767258067463	964	0.996364
rs389884	ENSG00000204344	Whole_Blood	0.0494119787073034	964	0.996694
rs389884	ENSG00000204348	Whole_Blood	0.0487486420612013	964	0.996588
rs389884	ENSG00000204351	Whole_Blood	1.78387959919347e-21	964	0.995878
rs389884	ENSG00000204356	Whole_Blood	0.218714731204046	964	0.999188
rs389884	ENSG00000204366	Whole_Blood	0.0503540843401214	964	0.997095
rs389884	ENSG00000204371	Whole_Blood	0.0497992353201912	964	0.999925
rs389884	ENSG00000204386	Whole_Blood	0.187119951669239	964	0.998963
rs389884	ENSG00000204387	Whole_Blood	0.088827494888968	964	0.999773
rs389884	ENSG00000204388	Whole_Blood	0.0829291104084907	964	0.998194
rs389884	ENSG00000204389	Whole_Blood	0.161398071444435	964	0.999887
rs389884	ENSG00000204390	Whole_Blood	0.0486366382562922	964	0.99887
rs389884	ENSG00000204392	Whole_Blood	0.0510991877416565	964	0.999804
rs389884	ENSG00000204394	Whole_Blood	0.0984784012431805	964	0.999934
rs389884	ENSG00000204396	Whole_Blood	0.029902329405092	964	0.9893
rs389884	ENSG00000204410	Whole_Blood	0.09082178708022	964	0.999569
rs389884	ENSG00000204420	Whole_Blood	0.0484343890876317	964	0.996482
rs389884	ENSG00000204421	Whole_Blood	0.0637494301096375	964	0.999939
rs389884	ENSG00000204424	Whole_Blood	0.0501511573653944	964	0.998163
rs389884	ENSG00000204427	Whole_Blood	0.154993249038538	964	0.998158
rs389884	ENSG00000204428	Whole_Blood	1.2298742298964e-61	964	0.961142
rs389884	ENSG00000204435	Whole_Blood	0.0205718014435797	964	0.995559
rs389884	ENSG00000204438	Whole_Blood	0.623033397811281	964	0.988668
rs389884	ENSG00000204439	Whole_Blood	0.0497649675357252	964	0.999337
rs389884	ENSG00000204444	Whole_Blood	0.49491838750312	964	0.999183
rs389884	ENSG00000204463	Whole_Blood	0.0498322001300899	964	0.999823
rs389884	ENSG00000204469	Whole_Blood	0.000912827243011494	964	0.998444
rs389884	ENSG00000204472	Whole_Blood	0.0400160994296863	964	0.999091
rs389884	ENSG00000204475	Whole_Blood	0.0560211474556512	964	0.997148
rs389884	ENSG00000204482	Whole_Blood	0.0523960402801294	964	0.999188
rs389884	ENSG00000204498	Whole_Blood	0.0554217028219679	964	0.999719
rs389884	ENSG00000204516	Whole_Blood	0.000685888392611525	964	0.999306
rs389884	ENSG00000204520	Whole_Blood	0.0963358778141373	964	0.997133
rs389884	ENSG00000204525	Whole_Blood	1.96730241503555e-07	964	0.998997
rs389884	ENSG00000204528	Whole_Blood	0.025335601758962	847	0.999797
rs389884	ENSG00000204531	Whole_Blood	0.0477418349497282	855	0.997933
rs389884	ENSG00000204536	Whole_Blood	0.673510992121129	812	0.999074
rs389884	ENSG00000204580	Whole_Blood	0.0886052262716594	329	0.994032
rs389884	ENSG00000206337	Whole_Blood	0.0848995695690409	964	0.999988
rs389884	ENSG00000206344	Whole_Blood	0.0467003275505507	878	0.995193
rs389884	ENSG00000213654	Whole_Blood	0.133619458522266	964	0.99919
rs389884	ENSG00000213676	Whole_Blood	0.140187065734112	964	0.995572
rs389884	ENSG00000213719	Whole_Blood	0.931670901456117	964	0.997747
rs389884	ENSG00000213722	Whole_Blood	0.116966953769938	964	0.998558
rs389884	ENSG00000213760	Whole_Blood	0.0308918780683039	964	0.999371
rs389884	ENSG00000213780	Whole_Blood	0.0737714722037347	399	0.999994
rs389884	ENSG00000214894	Whole_Blood	0.97412940620092	197	0.977803
rs389884	ENSG00000221988	Whole_Blood	0.0618093802948641	964	0.997849
rs389884	ENSG00000223534	Whole_Blood	2.59848698988794e-12	964	0.997618
rs389884	ENSG00000226979	Whole_Blood	0.0520969480697654	964	0.999397
rs389884	ENSG00000227507	Whole_Blood	0.0578503484212132	964	0.995688
rs389884	ENSG00000228727	Whole_Blood	0.0869568223451612	964	0.999665
rs389884	ENSG00000232810	Whole_Blood	0.0516614801845008	964	0.999829
rs389884	ENSG00000234745	Whole_Blood	2.32210304999067e-07	964	0.99406
rs389884	ENSG00000240053	Whole_Blood	0.0350299981716487	964	0.995436
rs389884	ENSG00000241404	Whole_Blood	0.0871113993710361	964	0.999855
rs389884	ENSG00000255152	Whole_Blood	0.0482641467333707	964	0.999486
rs389884	ENSG00000255552	Whole_Blood	0.0484010692219592	964	0.994977
rs389884	ENSG00000271821	Whole_Blood	0.106133026336498	887	0.998972
rs389884	ENSG00000272221	Whole_Blood	0.000883866833261578	964	0.99365
rs389884	ENSG00000272501	Whole_Blood	0.00445038377681291	879	0.996375
rs389884	ENSG00000286940	Whole_Blood	0.310823519865409	964	0.997451
rs389884	ENSG00000286974	Whole_Blood	0.0150499064559956	964	0.998679
rs389884	ENSG00000288813	Whole_Blood	0.0414819479556324	964	0.997572
rs389884	ENSG00000289375	Whole_Blood	0.0481523830831163	964	0.999688
rs389884	ENSG00000289406	Whole_Blood	0.0555067462193339	964	0.99948
rs389884	ENSG00000289637	Whole_Blood	0.0548625095070372	964	0.998886
rs389884	ENSG00000237541	Whole_Blood	1.26888372808125e-14	939	0.99186
rs389884	ENSG00000232629	Whole_Blood	3.78713470495537e-11	894	0.999078
rs389884	ENSG00000241106	Whole_Blood	0.0382528055820494	781	0.997391
rs389884	ENSG00000204267	Whole_Blood	0.0777845514220311	744	0.99872
rs389884	ENSG00000204261	Whole_Blood	0.0902388150825874	732	0.992887
rs389884	ENSG00000240065	Whole_Blood	0.50363901743217	732	0.999721
rs389884	ENSG00000204264	Whole_Blood	0.0527499350014935	730	0.999864
rs389884	ENSG00000168394	Whole_Blood	0.187998908989214	698	0.997326
rs389884	ENSG00000289047	Whole_Blood	0.339043540525895	588	0.995421
rs389884	ENSG00000242574	Whole_Blood	0.0701754628798063	487	0.994494
rs389884	ENSG00000204256	Whole_Blood	0.0530073028860151	422	0.997895
rs389884	ENSG00000204257	Whole_Blood	0.624306910042279	420	0.995834
rs389884	ENSG00000204252	Whole_Blood	0.0544507211685569	385	0.997564
rs389884	ENSG00000223865	Whole_Blood	0.0670610842754554	294	0.999899
rs389884	ENSG00000231389	Whole_Blood	0.0519572559814517	286	0.996119
rs389884	ENSG00000204248	Whole_Blood	0.133050799407461	96	0.956398
rs389884	ENSG00000112473	Whole_Blood	0.0477988579505724	81	0.996478
rs389884	ENSG00000204231	Whole_Blood	0.0477310511256578	81	0.955442
rs389884	ENSG00000204228	Whole_Blood	0.0543757244195041	70	0.989764
rs389884	ENSG00000204227	Whole_Blood	0.0587652904520581	61	0.982973
rs41272536	ENSG00000058085	Spleen	0.100493936971808	1156	0.997667
rs41272536	ENSG00000116698	Spleen	0.000488655306408185	1156	0.998159
rs41272536	ENSG00000116701	Spleen	0.0904332817713413	1156	0.998968
rs41272536	ENSG00000135821	Spleen	0.0932605293033452	369	0.999045
rs41272536	ENSG00000135828	Spleen	0.104842559778826	644	0.998553
rs41272536	ENSG00000135829	Spleen	0.104578857049789	1156	0.999786
rs41272536	ENSG00000135838	Spleen	0.0764273188543967	1156	0.999814
rs41272536	ENSG00000135862	Spleen	0.0864876979710024	1156	0.998114
rs41272536	ENSG00000143333	Spleen	0.131320479998805	699	0.999623
rs41272536	ENSG00000143344	Spleen	0.0712268451650779	1156	0.998541
rs41272536	ENSG00000162704	Spleen	0.0657227691456856	1156	0.995565
rs41272536	ENSG00000198756	Spleen	0.100902528597605	1156	0.995573
rs41272536	ENSG00000198860	Spleen	0.108666416889528	1156	0.996078
rs41272536	ENSG00000224468	Spleen	0.0871050001069429	1156	0.998553
rs41272536	ENSG00000232860	Spleen	0.0617743566450954	1156	0.998254
rs41272536	ENSG00000261504	Spleen	0.0732724547915337	743	0.995921
rs41272536	ENSG00000287808	Spleen	0.0720152743623618	1156	0.999513
rs41272536	ENSG00000289099	Spleen	9.69069768669704e-27	1156	0.994047
rs41272536	ENSG00000289581	Spleen	0.0737041032880307	1156	0.999657
rs41272536	ENSG00000116667	Spleen	0.071585385487213	803	0.98383
rs41272536	ENSG00000271387	Spleen	0.0760259236327328	803	0.998238
rs41272536	ENSG00000230470	Spleen	0.0912854937710967	758	0.99946
rs41272536	ENSG00000116698	Whole_Blood	1.2026423129921e-06	1184	0.999414
rs41272536	ENSG00000116701	Whole_Blood	0.000445495967047313	1184	0.998951
rs41272536	ENSG00000135821	Whole_Blood	0.0626372507615857	380	0.988023
rs41272536	ENSG00000135828	Whole_Blood	0.0601380466363287	670	0.999812
rs41272536	ENSG00000135829	Whole_Blood	0.105937636787058	1184	0.995597
rs41272536	ENSG00000135838	Whole_Blood	0.066275873541094	1184	0.999643
rs41272536	ENSG00000135862	Whole_Blood	0.0637254850005384	1184	0.99764
rs41272536	ENSG00000143333	Whole_Blood	0.0614801953207318	725	0.992241
rs41272536	ENSG00000143344	Whole_Blood	0.0876762076134438	1184	0.999774
rs41272536	ENSG00000157064	Whole_Blood	0.0383191757768785	1184	0.99969
rs41272536	ENSG00000162704	Whole_Blood	1.66990345368604e-13	1184	0.999097
rs41272536	ENSG00000198756	Whole_Blood	0.0655659807413558	1184	0.996611
rs41272536	ENSG00000198860	Whole_Blood	0.0558585830025423	1184	0.99772
rs41272536	ENSG00000286966	Whole_Blood	2.52317248308438e-64	1184	0.968409
rs41272536	ENSG00000287808	Whole_Blood	0.0662504728606558	1184	0.999595
rs41272536	ENSG00000289099	Whole_Blood	2.52273335824126e-64	1184	0.977864
rs41272536	ENSG00000116667	Whole_Blood	0.110179967844328	820	0.995503
rs4661543	ENSG00000116138	Spleen	0.0690407980159462	1474	0.998766
rs4661543	ENSG00000116731	Spleen	0.000241687562171622	111	0.995437
rs4661543	ENSG00000116771	Spleen	0.0673289996570578	1474	0.99898
rs4661543	ENSG00000132906	Spleen	0.0575465246005617	1474	0.999778
rs4661543	ENSG00000142615	Spleen	0.0718495797517263	1474	0.999988
rs4661543	ENSG00000142634	Spleen	0.0916438815462734	1474	0.999931
rs4661543	ENSG00000162438	Spleen	0.0551547968560724	1474	0.998663
rs4661543	ENSG00000171729	Spleen	0.0702071362977373	1474	0.999124
rs4661543	ENSG00000189337	Spleen	0.00184785276053538	673	0.999726
rs4661543	ENSG00000197312	Spleen	0.0796030406662039	1474	0.999702
rs4661543	ENSG00000215704	Spleen	0.0639096801197408	1474	0.999992
rs4661543	ENSG00000228140	Spleen	0.0982450362500922	1474	0.999649
rs4661543	ENSG00000237301	Spleen	0.0555009689927234	1474	0.999165
rs4661543	ENSG00000272510	Spleen	0.0892844038488395	1474	0.999916
rs4661543	ENSG00000289380	Spleen	0.000657300570745773	266	0.998646
rs4661543	ENSG00000271742	Spleen	0.103599505989699	1385	0.998588
rs4661543	ENSG00000116786	Spleen	0.0608545305905094	1379	0.998497
rs4661543	ENSG00000162461	Spleen	0.0566194693780284	1255	0.999127
rs4661543	ENSG00000237938	Spleen	0.0714769981755327	1254	0.998832
rs4661543	ENSG00000162458	Spleen	0.0606138965459041	1208	0.997887
rs4661543	ENSG00000233954	Spleen	0.0576117659573452	1048	0.997796
rs4661543	ENSG00000065526	Spleen	0.0582502930060598	958	0.999012
rs4661543	ENSG00000179743	Spleen	0.0571688002094218	925	0.99707
rs4661543	ENSG00000116809	Spleen	0.00201827673619734	580	0.997196
rs4661543	ENSG00000186510	Spleen	0.00111493922289684	409	0.996093
rs4661543	ENSG00000173641	Spleen	0.001422202771026	408	0.997479
rs4661543	ENSG00000116138	Whole_Blood	0.0468918769563252	1501	0.999052
rs4661543	ENSG00000116731	Whole_Blood	0.000277972911395078	113	0.959278
rs4661543	ENSG00000116771	Whole_Blood	0.0401357860780421	1501	0.998854
rs4661543	ENSG00000132906	Whole_Blood	0.0686413872248324	1501	0.999813
rs4661543	ENSG00000142615	Whole_Blood	0.0795945671141023	1501	0.998882
rs4661543	ENSG00000142634	Whole_Blood	0.064993316605813	1501	0.99956
rs4661543	ENSG00000162438	Whole_Blood	0.0523756091840143	1501	0.999796
rs4661543	ENSG00000171729	Whole_Blood	0.0372239431539929	1501	0.99973
rs4661543	ENSG00000189337	Whole_Blood	0.00222368319110765	686	0.999933
rs4661543	ENSG00000197312	Whole_Blood	0.0491190011447872	1501	0.99884
rs4661543	ENSG00000228140	Whole_Blood	0.0391231295640767	1501	0.999233
rs4661543	ENSG00000116786	Whole_Blood	0.0410228072700318	1404	0.998975
rs4661543	ENSG00000162461	Whole_Blood	0.0409391641964328	1279	0.999499
rs4661543	ENSG00000237938	Whole_Blood	0.0394951739021766	1278	0.99961
rs4661543	ENSG00000233954	Whole_Blood	0.0467003762768361	1063	0.999455
rs4661543	ENSG00000065526	Whole_Blood	0.113418612770528	973	0.999499
rs4661543	ENSG00000179743	Whole_Blood	0.0457155700468456	939	0.999553
rs4661543	ENSG00000116809	Whole_Blood	0.00169934971750153	588	0.997872
rs4661543	ENSG00000173641	Whole_Blood	0.00136727891180873	415	0.998027
rs4840568	ENSG00000079459	Spleen	0.0639799946192141	1692	0.999736
rs4840568	ENSG00000104643	Spleen	0.0488067182450368	1692	0.998
rs4840568	ENSG00000136573	Spleen	0.957132025518536	1692	0.996223
rs4840568	ENSG00000154319	Spleen	0.961508802054379	1692	0.998663
rs4840568	ENSG00000154328	Spleen	0.0562102191902147	1692	0.999601
rs4840568	ENSG00000164733	Spleen	0.0407887446716478	1692	0.998681
rs4840568	ENSG00000171044	Spleen	0.107531633363262	1692	0.997434
rs4840568	ENSG00000171056	Spleen	0.0551562304473692	1654	0.999766
rs4840568	ENSG00000177710	Spleen	8.25608078739394e-06	1692	0.998403
rs4840568	ENSG00000186523	Spleen	0.063882693325533	1692	0.999471
rs4840568	ENSG00000246477	Spleen	0.0465899590675873	1692	0.999693
rs4840568	ENSG00000248896	Spleen	0.0452436089768601	1651	0.99975
rs4840568	ENSG00000253641	Spleen	0.0548793510727996	812	0.999991
rs4840568	ENSG00000253649	Spleen	0.0565588225771106	1075	0.999206
rs4840568	ENSG00000254093	Spleen	0.0526727962631336	1692	0.999975
rs4840568	ENSG00000254936	Spleen	0.0489185567110306	1692	0.999923
rs4840568	ENSG00000255046	Spleen	0.0781523573018782	1692	0.999217
rs4840568	ENSG00000255310	Spleen	0.000199835632070036	1692	0.997391
rs4840568	ENSG00000255495	Spleen	0.0458151174119943	1692	0.997994
rs4840568	ENSG00000269918	Spleen	3.10483943146152e-05	1692	0.999952
rs4840568	ENSG00000269954	Spleen	0.970291848330761	1692	0.999064
rs4840568	ENSG00000270076	Spleen	0.0264591067317929	1692	0.993694
rs4840568	ENSG00000272505	Spleen	0.117160644589007	857	0.99513
rs4840568	ENSG00000284957	Spleen	4.15317932619123e-12	1692	0.992499
rs4840568	ENSG00000227888	Spleen	0.0963080267995725	1349	0.999748
rs4840568	ENSG00000270154	Spleen	0.061080208976451	874	0.99955
rs4840568	ENSG00000283674	Spleen	0.964822877238501	183	0.952486
rs4840568	ENSG00000079459	Whole_Blood	0.892933989373898	1729	0.99951
rs4840568	ENSG00000104643	Whole_Blood	0.0446095898403161	1729	0.997665
rs4840568	ENSG00000136573	Whole_Blood	0.805357576668204	1729	0.99884
rs4840568	ENSG00000154328	Whole_Blood	0.0804656441390424	1729	0.999807
rs4840568	ENSG00000164733	Whole_Blood	0.0441886351463061	1729	0.999823
rs4840568	ENSG00000171044	Whole_Blood	0.0492463447506389	1729	0.999789
rs4840568	ENSG00000253641	Whole_Blood	0.659965190462346	822	0.999459
rs4840568	ENSG00000253649	Whole_Blood	0.171907815074776	1093	0.999464
rs4840568	ENSG00000254093	Whole_Blood	0.0330750507014985	1729	0.999412
rs4840568	ENSG00000255310	Whole_Blood	0.00891388212384354	1729	0.995843
rs4840568	ENSG00000269918	Whole_Blood	7.84479532435294e-05	1729	0.99581
rs4840568	ENSG00000269954	Whole_Blood	0.754364459757679	1729	0.999836
rs4840568	ENSG00000272505	Whole_Blood	0.0213047038562612	867	0.999642
rs4853458	ENSG00000115415	Spleen	0.0560241658860265	850	0.998046
rs4853458	ENSG00000115419	Spleen	0.100055135015305	850	0.990939
rs4853458	ENSG00000128641	Spleen	0.148893798585505	850	0.995744
rs4853458	ENSG00000138378	Spleen	0.0711242077554081	850	0.997005
rs4853458	ENSG00000138379	Spleen	0.173522521209079	355	0.99785
rs4853458	ENSG00000138386	Spleen	0.0611942567148543	850	0.998847
rs4853458	ENSG00000151689	Spleen	0.0606269773508687	847	0.998037
rs4853458	ENSG00000151690	Spleen	0.060777649256458	850	0.999274
rs4853458	ENSG00000173559	Spleen	0.0538481478615764	850	0.997593
rs4853458	ENSG00000187699	Spleen	0.0823189588181536	69	0.995167
rs4853458	ENSG00000189362	Spleen	0.0848471825706562	850	0.996638
rs4853458	ENSG00000198130	Spleen	0.0576366929424853	850	0.992742
rs4853458	ENSG00000227542	Spleen	0.0720277315624783	850	0.996578
rs4853458	ENSG00000228509	Spleen	9.43120514041545e-13	850	0.997678
rs4853458	ENSG00000231858	Spleen	0.0592197664701781	850	0.998084
rs4853458	ENSG00000233654	Spleen	0.0593285981258243	850	0.999636
rs4853458	ENSG00000235852	Spleen	0.0469631539938353	850	0.998457
rs4853458	ENSG00000272979	Spleen	0.0605709550050106	850	0.998922
rs4853458	ENSG00000288900	Spleen	0.0600953206146172	850	0.999616
rs4853458	ENSG00000168497	Spleen	0.0698894032611727	845	0.999893
rs4853458	ENSG00000115415	Whole_Blood	0.0421116514261956	867	0.997884
rs4853458	ENSG00000115419	Whole_Blood	0.0411190006810661	867	0.998355
rs4853458	ENSG00000128641	Whole_Blood	0.0429126517034614	867	0.998871
rs4853458	ENSG00000138378	Whole_Blood	0.0458695621094177	867	0.999856
rs4853458	ENSG00000138386	Whole_Blood	0.0374401555154801	867	0.999788
rs4853458	ENSG00000151689	Whole_Blood	0.0522479440860256	864	0.998656
rs4853458	ENSG00000151690	Whole_Blood	0.0690245313668279	867	0.996522
rs4853458	ENSG00000173559	Whole_Blood	0.07856891642626	867	0.99808
rs4853458	ENSG00000187699	Whole_Blood	0.0431841761281715	69	0.994833
rs4853458	ENSG00000189362	Whole_Blood	0.0529819107836412	867	0.999663
rs4853458	ENSG00000198130	Whole_Blood	0.0727973103291141	867	0.999033
rs4853458	ENSG00000231858	Whole_Blood	0.0397186713000394	867	0.99971
rs4853458	ENSG00000235852	Whole_Blood	0.283784786557948	867	0.998283
rs4853458	ENSG00000272979	Whole_Blood	0.251919480229591	867	0.998554
rs4853458	ENSG00000288900	Whole_Blood	0.0386097568985	867	0.998919
rs4853458	ENSG00000168497	Whole_Blood	0.0373991536557301	862	0.999182
rs512681	ENSG00000019169	Spleen	0.0588736922532595	1220	0.999932
rs512681	ENSG00000088205	Spleen	0.0559643022943644	876	0.999513
rs512681	ENSG00000115107	Spleen	0.0547048516567982	1220	0.998453
rs512681	ENSG00000125629	Spleen	0.0564846606677451	1220	0.998805
rs512681	ENSG00000125633	Spleen	0.0569502665338836	1220	0.999751
rs512681	ENSG00000155368	Spleen	0.0569526573913613	1220	0.99886
rs512681	ENSG00000171227	Spleen	0.0550412536583483	1220	0.999467
rs512681	ENSG00000186132	Spleen	0.057513452104813	1220	0.996288
rs512681	ENSG00000226856	Spleen	0.0703220360170078	1220	0.991595
rs512681	ENSG00000236255	Spleen	0.0627982380705645	921	0.999053
rs512681	ENSG00000080293	Spleen	0.0554085965027965	1002	0.997762
rs512681	ENSG00000144120	Spleen	0.0617089739025241	732	0.996111
rs512681	ENSG00000088179	Spleen	0.00161782297715495	512	0.998462
rs512681	ENSG00000019169	Whole_Blood	0.0013920245036862	1296	0.998319
rs512681	ENSG00000088205	Whole_Blood	0.0442224931060954	950	0.999725
rs512681	ENSG00000115107	Whole_Blood	0.0824213788736208	1296	0.999369
rs512681	ENSG00000125629	Whole_Blood	0.0682035209444647	1296	0.999477
rs512681	ENSG00000125633	Whole_Blood	0.037702428082614	1296	0.999592
rs512681	ENSG00000155368	Whole_Blood	0.0410057841038869	1296	0.999243
rs512681	ENSG00000171227	Whole_Blood	0.0372059889846401	1296	0.998996
rs512681	ENSG00000186132	Whole_Blood	0.0504607927698693	1296	0.999412
rs512681	ENSG00000236255	Whole_Blood	0.0662579839333105	996	0.999837
rs512681	ENSG00000259094	Whole_Blood	0.0502607395425668	1296	0.996895
rs512681	ENSG00000144120	Whole_Blood	0.0407853979005338	755	0.995945
rs512681	ENSG00000088179	Whole_Blood	0.00140785328923062	522	0.992294
rs58688157	ENSG00000023191	Spleen	9.46948224873867e-06	1452	0.999758
rs58688157	ENSG00000069696	Spleen	0.829190850275281	1452	0.999133
rs58688157	ENSG00000070031	Spleen	0.451922971320363	1452	0.99566
rs58688157	ENSG00000070047	Spleen	0.0676593216571645	1452	0.998686
rs58688157	ENSG00000078902	Spleen	0.0507026536076045	1452	0.999707
rs58688157	ENSG00000099834	Spleen	0.132202092260759	1452	0.999249
rs58688157	ENSG00000099849	Spleen	0.113330575478781	1452	0.994697
rs58688157	ENSG00000142082	Spleen	0.0593138144056339	1452	0.997447
rs58688157	ENSG00000142089	Spleen	0.0584572621486202	1452	0.99895
rs58688157	ENSG00000142102	Spleen	0.0651728757060085	1452	0.998918
rs58688157	ENSG00000161328	Spleen	0.0497154645926031	1452	0.996753
rs58688157	ENSG00000174775	Spleen	0.354521782206083	1452	0.996966
rs58688157	ENSG00000174885	Spleen	0.175149395070742	1452	0.998908
rs58688157	ENSG00000174915	Spleen	0.0812078529268905	1452	0.999258
rs58688157	ENSG00000177030	Spleen	0.131316940414053	1452	0.998133
rs58688157	ENSG00000177042	Spleen	1.84769264887836e-05	1452	0.999828
rs58688157	ENSG00000177106	Spleen	0.0493811496289307	1452	0.999989
rs58688157	ENSG00000177156	Spleen	0.0682643262514615	1452	0.999324
rs58688157	ENSG00000177225	Spleen	0.139695956227692	1452	0.999981
rs58688157	ENSG00000177542	Spleen	0.111417508653642	1452	0.99859
rs58688157	ENSG00000177595	Spleen	1.02291570730645e-07	1452	0.999997
rs58688157	ENSG00000177600	Spleen	7.83604742007555e-06	1452	0.999204
rs58688157	ENSG00000177666	Spleen	0.0497690393697708	1452	0.999573
rs58688157	ENSG00000177685	Spleen	0.113968975630934	1452	0.999419
rs58688157	ENSG00000177697	Spleen	9.63261278537355e-08	1452	0.999976
rs58688157	ENSG00000177700	Spleen	0.0582577814674339	1452	0.999865
rs58688157	ENSG00000177830	Spleen	0.0490822899022081	1452	0.999813
rs58688157	ENSG00000177951	Spleen	0.0773493510563611	1452	0.999404
rs58688157	ENSG00000177963	Spleen	0.0743387957444445	1452	0.999778
rs58688157	ENSG00000182272	Spleen	0.0681189005763141	1452	0.998024
rs58688157	ENSG00000183020	Spleen	0.0758099361555652	1452	0.997857
rs58688157	ENSG00000184363	Spleen	0.00170775068721776	1452	0.994811
rs58688157	ENSG00000184524	Spleen	0.0649690859831886	1452	0.999638
rs58688157	ENSG00000184956	Spleen	0.0801269544188055	1452	0.999753
rs58688157	ENSG00000185101	Spleen	0.00194539957031111	1452	0.999177
rs58688157	ENSG00000185187	Spleen	0.0433164390131711	1452	0.999938
rs58688157	ENSG00000185201	Spleen	0.0572763325594805	1452	0.999282
rs58688157	ENSG00000185507	Spleen	0.115294908219544	1452	0.996131
rs58688157	ENSG00000185522	Spleen	0.0432646135675917	1452	0.996988
rs58688157	ENSG00000185627	Spleen	0.0952111467146086	1452	0.999989
rs58688157	ENSG00000185885	Spleen	0.0693916237770416	1452	0.998544
rs58688157	ENSG00000188076	Spleen	0.0666956315462354	1452	0.998979
rs58688157	ENSG00000206013	Spleen	0.0573199358954417	1452	0.999737
rs58688157	ENSG00000214063	Spleen	0.0538473949844111	1452	0.999627
rs58688157	ENSG00000230724	Spleen	0.0509979610451707	1452	0.998053
rs58688157	ENSG00000247095	Spleen	0.0541597629253382	1452	0.999746
rs58688157	ENSG00000250397	Spleen	0.0511133615891992	1452	0.99918
rs58688157	ENSG00000251661	Spleen	0.0528371789445989	1452	0.998997
rs58688157	ENSG00000254739	Spleen	0.0556356927535259	1452	0.999272
rs58688157	ENSG00000254815	Spleen	0.0124638045887612	1452	0.996442
rs58688157	ENSG00000254872	Spleen	0.049075497625528	1452	0.999074
rs58688157	ENSG00000254910	Spleen	0.0600467193095711	1452	0.999636
rs58688157	ENSG00000255026	Spleen	0.0657804193715446	1452	0.999697
rs58688157	ENSG00000255108	Spleen	0.0491844273800027	1452	0.99667
rs58688157	ENSG00000255142	Spleen	8.14933970432824e-08	1452	0.999679
rs58688157	ENSG00000255153	Spleen	0.107201462411691	1452	0.998529
rs58688157	ENSG00000255158	Spleen	0.0593999629824694	1452	0.999943
rs58688157	ENSG00000255237	Spleen	0.0496444549257006	1452	0.997818
rs58688157	ENSG00000255284	Spleen	8.14933935869523e-08	1452	0.999241
rs58688157	ENSG00000255328	Spleen	0.055671514039756	1452	0.999961
rs58688157	ENSG00000270972	Spleen	0.074036858010358	1452	0.999562
rs58688157	ENSG00000287935	Spleen	0.0521933810640748	1452	0.998905
rs58688157	ENSG00000288033	Spleen	0.0609630851784684	1452	0.997366
rs58688157	ENSG00000288675	Spleen	0.0588911412240594	1452	0.999489
rs58688157	ENSG00000288681	Spleen	0.282462113501753	1452	0.999
rs58688157	ENSG00000289568	Spleen	0.0635551180537272	1452	0.997629
rs58688157	ENSG00000174672	Spleen	0.0494114339569364	1416	0.998935
rs58688157	ENSG00000182208	Spleen	0.0537621691461216	1151	0.999762
rs58688157	ENSG00000233930	Spleen	0.0560365460952926	826	0.998083
rs58688157	ENSG00000184545	Spleen	0.0552662335410126	818	0.996951
rs58688157	ENSG00000205869	Spleen	0.085811616015988	766	0.999344
rs58688157	ENSG00000205866	Spleen	0.0790301040043668	516	0.999248
rs58688157	ENSG00000205865	Spleen	0.0446443353160773	455	0.999971
rs58688157	ENSG00000227306	Spleen	0.0477336656346432	448	0.998826
rs58688157	ENSG00000244242	Spleen	0.00132193993704844	270	0.987542
rs58688157	ENSG00000235027	Spleen	0.00108298080980608	259	0.99327
rs58688157	ENSG00000250644	Spleen	0.000978292472919395	253	0.996482
rs58688157	ENSG00000117984	Spleen	0.00104292193809278	252	0.997469
rs58688157	ENSG00000130598	Spleen	0.0002343625509825	76	0.99291
rs58688157	ENSG00000023191	Whole_Blood	0.000611911930609276	1473	0.998519
rs58688157	ENSG00000069696	Whole_Blood	0.160128847721148	1473	0.999617
rs58688157	ENSG00000070031	Whole_Blood	0.0345025520434653	1473	0.99979
rs58688157	ENSG00000070047	Whole_Blood	0.036828688993764	1473	0.998881
rs58688157	ENSG00000078902	Whole_Blood	0.0341408070822575	1473	0.999243
rs58688157	ENSG00000099849	Whole_Blood	0.563562995762511	1473	0.999433
rs58688157	ENSG00000142082	Whole_Blood	0.0367413680295558	1473	0.998642
rs58688157	ENSG00000142089	Whole_Blood	0.0945119610583803	1473	0.999328
rs58688157	ENSG00000142102	Whole_Blood	0.0374883650033332	1473	0.999346
rs58688157	ENSG00000161328	Whole_Blood	0.000114543544509606	1473	0.998737
rs58688157	ENSG00000174775	Whole_Blood	0.00841147606805907	1473	0.999095
rs58688157	ENSG00000174885	Whole_Blood	0.0348067838159717	1473	0.999454
rs58688157	ENSG00000174915	Whole_Blood	0.0648530346645926	1473	0.999114
rs58688157	ENSG00000177030	Whole_Blood	0.00166122906450679	1473	0.998386
rs58688157	ENSG00000177042	Whole_Blood	0.000354858815244666	1473	0.999421
rs58688157	ENSG00000177106	Whole_Blood	0.000280974097499695	1473	0.997824
rs58688157	ENSG00000177156	Whole_Blood	0.194792532112518	1473	0.999872
rs58688157	ENSG00000177225	Whole_Blood	0.0750247100732782	1473	0.998441
rs58688157	ENSG00000177542	Whole_Blood	0.0349941637257987	1473	0.999325
rs58688157	ENSG00000177595	Whole_Blood	2.32065289853991e-07	1473	0.999698
rs58688157	ENSG00000177600	Whole_Blood	4.17192396395492e-06	1473	0.996847
rs58688157	ENSG00000177666	Whole_Blood	9.71077406498548e-06	1473	0.999862
rs58688157	ENSG00000177685	Whole_Blood	6.58933019741685e-08	1473	0.99884
rs58688157	ENSG00000177697	Whole_Blood	7.8309091124834e-08	1473	0.998984
rs58688157	ENSG00000177700	Whole_Blood	1.00445190589065e-06	1473	0.99884
rs58688157	ENSG00000177830	Whole_Blood	0.0344340323336609	1473	0.999763
rs58688157	ENSG00000177951	Whole_Blood	0.0352461972514324	1473	0.999268
rs58688157	ENSG00000177963	Whole_Blood	0.0891480377487019	1473	0.999121
rs58688157	ENSG00000182272	Whole_Blood	0.0449002075980163	1473	0.999516
rs58688157	ENSG00000183020	Whole_Blood	0.0377453964860207	1473	0.997698
rs58688157	ENSG00000185101	Whole_Blood	0.196040705515468	1473	0.994945
rs58688157	ENSG00000185187	Whole_Blood	0.0909676225413889	1473	0.99937
rs58688157	ENSG00000185201	Whole_Blood	0.0792498550902612	1473	0.997231
rs58688157	ENSG00000185507	Whole_Blood	0.034899789576439	1473	0.99962
rs58688157	ENSG00000185522	Whole_Blood	0.0533003001614504	1473	0.993949
rs58688157	ENSG00000185627	Whole_Blood	0.0654218696419333	1473	0.999347
rs58688157	ENSG00000185885	Whole_Blood	0.103757427432439	1473	0.998032
rs58688157	ENSG00000188076	Whole_Blood	0.0333943795489405	1473	0.998431
rs58688157	ENSG00000206013	Whole_Blood	0.0419656545347671	1473	0.998908
rs58688157	ENSG00000214063	Whole_Blood	2.11513023371156e-07	1473	0.998962
rs58688157	ENSG00000230724	Whole_Blood	0.0511927928847466	1473	0.99983
rs58688157	ENSG00000247095	Whole_Blood	0.141738821419746	1473	0.999061
rs58688157	ENSG00000251661	Whole_Blood	0.0400651831123604	1473	0.999092
rs58688157	ENSG00000254815	Whole_Blood	0.238270897616382	1473	0.999982
rs58688157	ENSG00000254910	Whole_Blood	0.0414085963336789	1473	0.999616
rs58688157	ENSG00000255026	Whole_Blood	0.0487875690045355	1473	0.998865
rs58688157	ENSG00000255142	Whole_Blood	8.14858198274517e-08	1473	0.998971
rs58688157	ENSG00000255153	Whole_Blood	0.0948134137180217	1473	0.997386
rs58688157	ENSG00000255158	Whole_Blood	0.120403064081113	1473	0.998797
rs58688157	ENSG00000255229	Whole_Blood	0.070246395113932	1473	0.998268
rs58688157	ENSG00000255237	Whole_Blood	0.0375722033901823	1473	0.998683
rs58688157	ENSG00000255284	Whole_Blood	8.14820173055191e-08	1473	0.995061
rs58688157	ENSG00000255328	Whole_Blood	0.048875397622831	1473	0.99996
rs58688157	ENSG00000270972	Whole_Blood	0.0371310156048329	1473	0.999209
rs58688157	ENSG00000287935	Whole_Blood	0.0350722524895089	1473	0.999006
rs58688157	ENSG00000288675	Whole_Blood	0.0669850438954071	1473	0.999342
rs58688157	ENSG00000288681	Whole_Blood	0.0716392684244591	1473	0.99912
rs58688157	ENSG00000289568	Whole_Blood	0.0547005775865896	1473	0.998864
rs58688157	ENSG00000182208	Whole_Blood	0.0449583920064331	1167	0.998215
rs58688157	ENSG00000184545	Whole_Blood	0.0381757374512062	831	0.998165
rs58688157	ENSG00000205869	Whole_Blood	0.161377486035856	778	0.995636
rs58688157	ENSG00000244242	Whole_Blood	0.00114812493294712	278	0.991899
rs58688157	ENSG00000235027	Whole_Blood	0.00138558410280547	267	0.998303
rs58688157	ENSG00000250644	Whole_Blood	0.00116599755748783	261	0.994252
rs58688157	ENSG00000117984	Whole_Blood	0.00123408582901405	260	0.998818
rs58688157	ENSG00000287484	Whole_Blood	0.00103815455188246	235	0.986371
rs58688157	ENSG00000130598	Whole_Blood	0.000163708774661809	77	0.998185
rs58721818	ENSG00000027697	Spleen	0.0737025747806353	1215	0.99799
rs58721818	ENSG00000051620	Spleen	0.0754174814862222	1215	0.998744
rs58721818	ENSG00000112357	Spleen	0.0874372859881083	312	0.990434
rs58721818	ENSG00000112378	Spleen	0.0721311636595073	1215	0.99513
rs58721818	ENSG00000112379	Spleen	0.0790336302129111	1215	0.998868
rs58721818	ENSG00000118503	Spleen	0.078941778273233	1215	0.998734
rs58721818	ENSG00000164485	Spleen	0.0867418790977126	1215	0.998765
rs58721818	ENSG00000197442	Spleen	0.0826858350049064	228	0.995396
rs58721818	ENSG00000226004	Spleen	0.0814692629070369	1215	0.997278
rs58721818	ENSG00000234956	Spleen	0.0791797315375393	1215	0.998429
rs58721818	ENSG00000237499	Spleen	0.0750893589834204	1215	0.997979
rs58721818	ENSG00000286646	Spleen	0.0825812580399153	215	0.990758
rs58721818	ENSG00000135540	Spleen	0.101263882036401	1151	0.9982
rs58721818	ENSG00000225177	Spleen	0.0820991976451881	1151	0.999393
rs58721818	ENSG00000024862	Spleen	0.0750783971760774	1018	0.99992
rs58721818	ENSG00000279968	Spleen	0.10325842814415	1018	0.999781
rs58721818	ENSG00000135597	Spleen	0.00730825672410816	621	0.997842
rs58721818	ENSG00000146386	Spleen	0.0074031256904917	492	0.998765
rs58721818	ENSG00000112406	Spleen	0.000464823341817118	117	0.974902
rs58721818	ENSG00000027697	Whole_Blood	0.0708303170501741	1238	0.998841
rs58721818	ENSG00000051620	Whole_Blood	0.0695272946714474	1238	0.998947
rs58721818	ENSG00000112357	Whole_Blood	0.0731926194535901	323	0.992264
rs58721818	ENSG00000112378	Whole_Blood	0.0865478118281936	1238	0.999388
rs58721818	ENSG00000118503	Whole_Blood	0.0631463577412257	1238	0.99633
rs58721818	ENSG00000197442	Whole_Blood	0.0763458676634723	237	0.985315
rs58721818	ENSG00000237499	Whole_Blood	0.0774361888905836	1238	0.997461
rs58721818	ENSG00000286646	Whole_Blood	0.0749669263350301	224	0.996556
rs58721818	ENSG00000225177	Whole_Blood	0.0695399110209032	1171	0.999731
rs58721818	ENSG00000024862	Whole_Blood	0.072567653356544	1032	0.997371
rs58721818	ENSG00000135597	Whole_Blood	0.0067889493490891	628	0.998292
rs58721818	ENSG00000146386	Whole_Blood	0.00389604453934629	498	0.998478
rs58721818	ENSG00000112406	Whole_Blood	0.000496016294539881	118	0.948361
rs597808	ENSG00000089022	Spleen	0.116906263199978	433	0.99743
rs597808	ENSG00000089234	Spleen	0.0694346567884571	433	0.994553
rs597808	ENSG00000089248	Spleen	0.134486614435156	433	0.998289
rs597808	ENSG00000111229	Spleen	0.047884147082544	206	0.998449
rs597808	ENSG00000111231	Spleen	0.0493682981456663	217	0.992947
rs597808	ENSG00000111237	Spleen	0.708079535637659	237	0.959304
rs597808	ENSG00000111245	Spleen	0.0559876384633255	433	0.998429
rs597808	ENSG00000111252	Spleen	0.0527144565432822	433	0.999703
rs597808	ENSG00000111271	Spleen	0.130162097218955	433	0.98415
rs597808	ENSG00000111275	Spleen	0.0765856301450645	433	0.997766
rs597808	ENSG00000111300	Spleen	0.235342180263203	433	0.989299
rs597808	ENSG00000122986	Spleen	0.0488924394004188	376	0.995169
rs597808	ENSG00000135148	Spleen	0.0468815350657425	433	0.9951
rs597808	ENSG00000151164	Spleen	0.0574070370487916	237	0.997788
rs597808	ENSG00000186298	Spleen	0.0569574293750296	403	0.998692
rs597808	ENSG00000196510	Spleen	0.0689369624567976	174	0.900654
rs597808	ENSG00000196850	Spleen	0.389391324339661	290	0.978764
rs597808	ENSG00000198270	Spleen	0.0454506982203503	433	0.999112
rs597808	ENSG00000198324	Spleen	0.0468624766414601	433	0.985854
rs597808	ENSG00000204842	Spleen	0.05210287401571	433	0.998114
rs597808	ENSG00000204852	Spleen	0.0618190011028455	311	0.993832
rs597808	ENSG00000204856	Spleen	0.0481616589890782	217	0.999922
rs597808	ENSG00000234608	Spleen	0.0524959736842909	433	0.998588
rs597808	ENSG00000257595	Spleen	0.0755100302376836	433	0.996061
rs597808	ENSG00000258099	Spleen	0.292510942342079	433	0.996723
rs597808	ENSG00000258210	Spleen	0.0475567659764895	202	0.984222
rs597808	ENSG00000274227	Spleen	0.0597106007205658	433	0.99827
rs597808	ENSG00000173064	Spleen	0.0489642343123403	275	0.951657
rs597808	ENSG00000089009	Spleen	0.0629506432161124	251	0.995185
rs597808	ENSG00000179295	Spleen	0.170431594422928	251	0.998445
rs597808	ENSG00000089169	Spleen	0.0499644423741968	151	0.992732
rs597808	ENSG00000089022	Whole_Blood	0.0414169481222768	440	0.985798
rs597808	ENSG00000089234	Whole_Blood	0.0328818611663647	440	0.975149
rs597808	ENSG00000089248	Whole_Blood	0.0347561163471633	440	0.997314
rs597808	ENSG00000111229	Whole_Blood	0.0314437087071065	210	0.993353
rs597808	ENSG00000111231	Whole_Blood	0.0485338379870747	221	0.995547
rs597808	ENSG00000111237	Whole_Blood	0.150129813917857	241	0.999285
rs597808	ENSG00000111245	Whole_Blood	0.0418351965269512	440	0.99481
rs597808	ENSG00000111252	Whole_Blood	0.0389780664689734	440	0.995798
rs597808	ENSG00000111271	Whole_Blood	0.0323386858219421	440	0.999365
rs597808	ENSG00000111275	Whole_Blood	0.389652194602644	440	0.999995
rs597808	ENSG00000111300	Whole_Blood	0.060162026570455	440	0.984895
rs597808	ENSG00000122986	Whole_Blood	0.0546465017991948	382	0.99878
rs597808	ENSG00000135148	Whole_Blood	0.0324316352218216	440	0.99851
rs597808	ENSG00000186298	Whole_Blood	0.0319216575968594	409	0.996414
rs597808	ENSG00000196510	Whole_Blood	0.0328427755537747	178	0.994868
rs597808	ENSG00000196850	Whole_Blood	0.0537037248467828	295	0.99917
rs597808	ENSG00000198270	Whole_Blood	9.41629851275962e-05	440	0.993451
rs597808	ENSG00000198324	Whole_Blood	0.162344601349727	440	0.99176
rs597808	ENSG00000204842	Whole_Blood	0.0885961276691488	440	0.974181
rs597808	ENSG00000204852	Whole_Blood	0.0335327106118215	316	0.992915
rs597808	ENSG00000204856	Whole_Blood	0.0371456044143367	221	0.994709
rs597808	ENSG00000234608	Whole_Blood	0.000408247377502794	440	0.979662
rs597808	ENSG00000257595	Whole_Blood	0.0978155618211591	440	0.987235
rs597808	ENSG00000274227	Whole_Blood	0.0419199568539326	440	0.991475
rs597808	ENSG00000173064	Whole_Blood	0.0320859230491624	278	0.993147
rs597808	ENSG00000089009	Whole_Blood	0.0374331791518803	254	0.998637
rs597808	ENSG00000179295	Whole_Blood	0.285019583620232	254	0.943607
rs597808	ENSG00000089169	Whole_Blood	0.0695244324695917	153	0.983113
rs5994638	ENSG00000099940	Spleen	0.0581565899071411	648	0.997999
rs5994638	ENSG00000099942	Spleen	0.0779107936474856	648	0.991797
rs5994638	ENSG00000099949	Spleen	0.0580380416896048	648	0.999562
rs5994638	ENSG00000099957	Spleen	0.0691706306140697	648	0.996073
rs5994638	ENSG00000099960	Spleen	0.139419800905933	648	0.995311
rs5994638	ENSG00000100023	Spleen	0.000336960364649797	648	0.998558
rs5994638	ENSG00000100027	Spleen	0.142339975390047	648	0.998022
rs5994638	ENSG00000100030	Spleen	0.0578819353830387	648	0.999911
rs5994638	ENSG00000100034	Spleen	0.0608568227256705	648	0.99997
rs5994638	ENSG00000128228	Spleen	0.0871912213200652	648	0.995262
rs5994638	ENSG00000161149	Spleen	0.132498697932527	648	0.993741
rs5994638	ENSG00000161179	Spleen	0.205035035257286	648	0.99399
rs5994638	ENSG00000161180	Spleen	0.942234185265625	648	0.986609
rs5994638	ENSG00000169635	Spleen	0.0572572799258836	648	0.999182
rs5994638	ENSG00000183773	Spleen	0.0710176900602346	648	0.999694
rs5994638	ENSG00000184436	Spleen	0.100182312044023	648	0.997693
rs5994638	ENSG00000185651	Spleen	0.155543608182571	648	0.999561
rs5994638	ENSG00000206140	Spleen	0.057559129910532	648	0.999824
rs5994638	ENSG00000207751	Spleen	0.0646858300931799	648	0.99532
rs5994638	ENSG00000211637	Spleen	0.0633972222364439	648	0.995308
rs5994638	ENSG00000211638	Spleen	0.0572305225689221	648	0.997549
rs5994638	ENSG00000211639	Spleen	0.0682937369534216	648	0.995726
rs5994638	ENSG00000211640	Spleen	0.182513195328562	648	0.994967
rs5994638	ENSG00000211641	Spleen	0.0633024881155544	648	0.996891
rs5994638	ENSG00000211642	Spleen	0.0566401161405714	648	0.999971
rs5994638	ENSG00000211643	Spleen	0.0969257726861323	648	0.996703
rs5994638	ENSG00000211644	Spleen	0.0726820862651157	648	0.990645
rs5994638	ENSG00000211645	Spleen	0.0562628521538783	648	0.999966
rs5994638	ENSG00000211647	Spleen	0.137654977918276	648	0.998848
rs5994638	ENSG00000211648	Spleen	0.0596876580838304	648	0.999078
rs5994638	ENSG00000211649	Spleen	0.0557077249421958	648	0.997734
rs5994638	ENSG00000211650	Spleen	0.0576744344390463	648	0.994499
rs5994638	ENSG00000211651	Spleen	0.0558178146454821	648	0.999792
rs5994638	ENSG00000211652	Spleen	0.0561622456058816	648	0.999104
rs5994638	ENSG00000211653	Spleen	0.0635318746775891	648	0.999332
rs5994638	ENSG00000211654	Spleen	0.0980405302428351	648	0.999353
rs5994638	ENSG00000211655	Spleen	0.0621590386699134	648	0.997258
rs5994638	ENSG00000223350	Spleen	0.0577065485271734	648	0.998045
rs5994638	ENSG00000224086	Spleen	0.00225494893274094	648	0.999554
rs5994638	ENSG00000230513	Spleen	0.0546273184208282	648	0.994285
rs5994638	ENSG00000234630	Spleen	0.106008781183736	648	0.998095
rs5994638	ENSG00000237476	Spleen	0.0656320241927141	648	0.998675
rs5994638	ENSG00000241973	Spleen	0.0581986946835686	648	0.999299
rs5994638	ENSG00000272829	Spleen	0.0568151271896338	648	0.997815
rs5994638	ENSG00000272954	Spleen	0.0688591972744844	648	0.998469
rs5994638	ENSG00000273342	Spleen	0.735751833343652	648	0.998319
rs5994638	ENSG00000274422	Spleen	0.0615826131731931	648	0.999401
rs5994638	ENSG00000279278	Spleen	0.0798010237544649	648	0.999884
rs5994638	ENSG00000286129	Spleen	0.066665419317241	648	0.999749
rs5994638	ENSG00000286365	Spleen	0.0549689386933121	648	0.999162
rs5994638	ENSG00000289564	Spleen	0.18467535247555	648	0.993775
rs5994638	ENSG00000275004	Spleen	0.0623489480756334	630	0.996916
rs5994638	ENSG00000211658	Spleen	0.145635207234687	437	0.997696
rs5994638	ENSG00000211659	Spleen	0.0496047190598428	365	0.991859
rs5994638	ENSG00000211660	Spleen	0.0224490517160566	322	0.980918
rs5994638	ENSG00000211661	Spleen	0.0218521074771854	309	0.999027
rs5994638	ENSG00000211662	Spleen	0.0154165531655925	285	0.994225
rs5994638	ENSG00000211663	Spleen	0.00976207172200066	268	0.999165
rs5994638	ENSG00000211664	Spleen	0.000945790443392394	232	0.993174
rs5994638	ENSG00000211665	Spleen	0.000888482427683332	214	0.995826
rs5994638	ENSG00000211666	Spleen	0.000787002737547074	182	0.981282
rs5994638	ENSG00000288861	Spleen	0.000751685547546006	179	0.995895
rs5994638	ENSG00000211667	Spleen	0.000637072695833515	156	0.99736
rs5994638	ENSG00000211668	Spleen	0.000490200480796709	113	0.979492
rs5994638	ENSG00000211669	Spleen	0.00025577523206315	73	0.996381
rs5994638	ENSG00000289120	Spleen	0.00021021792779309	60	0.960757
rs5994638	ENSG00000211670	Spleen	0.000207611211417682	59	0.993404
rs5994638	ENSG00000278196	Spleen	0.000175073228130413	53	0.996594
rs5994638	ENSG00000099937	Whole_Blood	0.0692740583197103	505	0.998806
rs5994638	ENSG00000099940	Whole_Blood	0.0498762136213713	659	0.998286
rs5994638	ENSG00000099942	Whole_Blood	0.0489677071795272	659	0.999249
rs5994638	ENSG00000099949	Whole_Blood	0.0694988369210329	659	0.991645
rs5994638	ENSG00000100023	Whole_Blood	0.000579653905283109	659	0.996947
rs5994638	ENSG00000100027	Whole_Blood	0.0436692123913595	659	0.998511
rs5994638	ENSG00000100030	Whole_Blood	0.0404522074418298	659	0.999016
rs5994638	ENSG00000100034	Whole_Blood	5.63040911114658e-07	659	0.998456
rs5994638	ENSG00000128228	Whole_Blood	0.0892398479837076	659	0.996762
rs5994638	ENSG00000161179	Whole_Blood	0.0583305337690287	659	0.999174
rs5994638	ENSG00000169635	Whole_Blood	0.101293632277395	659	0.999172
rs5994638	ENSG00000183773	Whole_Blood	0.0765153292160507	659	0.99665
rs5994638	ENSG00000184436	Whole_Blood	0.08429292714099	659	0.998219
rs5994638	ENSG00000185651	Whole_Blood	0.957442877112882	659	0.996781
rs5994638	ENSG00000211637	Whole_Blood	0.0450233102709648	659	0.998361
rs5994638	ENSG00000211638	Whole_Blood	0.0552817692475406	659	0.998969
rs5994638	ENSG00000211639	Whole_Blood	0.0395825359713098	659	0.997436
rs5994638	ENSG00000211640	Whole_Blood	0.0427885559920647	659	0.997832
rs5994638	ENSG00000211642	Whole_Blood	0.0416594139186625	659	0.998035
rs5994638	ENSG00000211644	Whole_Blood	0.0547693605644622	659	0.997604
rs5994638	ENSG00000211645	Whole_Blood	0.0970024411941886	659	0.99911
rs5994638	ENSG00000211648	Whole_Blood	0.0526045301249539	659	0.998516
rs5994638	ENSG00000211649	Whole_Blood	0.0475650186304535	659	0.999047
rs5994638	ENSG00000211650	Whole_Blood	0.0407134658453359	659	0.995295
rs5994638	ENSG00000211651	Whole_Blood	0.0420907494317963	659	0.998489
rs5994638	ENSG00000211652	Whole_Blood	0.0402029316010675	659	0.997588
rs5994638	ENSG00000211653	Whole_Blood	0.0429758155190666	659	0.999502
rs5994638	ENSG00000211654	Whole_Blood	0.041403008938564	659	0.997074
rs5994638	ENSG00000211655	Whole_Blood	0.0451616719691255	659	0.995351
rs5994638	ENSG00000223350	Whole_Blood	0.0629820545931534	659	0.998814
rs5994638	ENSG00000230513	Whole_Blood	0.231524095262024	659	0.998603
rs5994638	ENSG00000234630	Whole_Blood	0.386447946426321	659	0.997432
rs5994638	ENSG00000237476	Whole_Blood	0.0498533297541489	659	0.999844
rs5994638	ENSG00000241973	Whole_Blood	0.0470916284662911	659	0.999756
rs5994638	ENSG00000272829	Whole_Blood	0.0394797071922566	659	0.998772
rs5994638	ENSG00000272954	Whole_Blood	0.0411765672315195	659	0.997459
rs5994638	ENSG00000279278	Whole_Blood	0.106738595412749	659	0.997932
rs5994638	ENSG00000286127	Whole_Blood	0.0363454852315843	659	0.999669
rs5994638	ENSG00000286129	Whole_Blood	0.0398878259746078	659	0.999296
rs5994638	ENSG00000286365	Whole_Blood	0.0435004973824255	659	0.997983
rs5994638	ENSG00000289564	Whole_Blood	0.041361926842147	659	0.998285
rs5994638	ENSG00000211658	Whole_Blood	0.0986569903754349	443	0.998088
rs5994638	ENSG00000211659	Whole_Blood	0.0363628511450209	373	0.997611
rs5994638	ENSG00000211660	Whole_Blood	0.0193941619919642	329	0.999794
rs5994638	ENSG00000211662	Whole_Blood	0.0139899873377719	291	0.999579
rs5994638	ENSG00000211663	Whole_Blood	0.010085469404954	273	0.997454
rs5994638	ENSG00000211664	Whole_Blood	0.000950131654422837	237	0.999965
rs5994638	ENSG00000211665	Whole_Blood	0.000634025665495392	218	0.993961
rs5994638	ENSG00000211666	Whole_Blood	0.000628165154387357	186	0.965924
rs5994638	ENSG00000288861	Whole_Blood	0.000958092276763657	183	0.999844
rs5994638	ENSG00000211667	Whole_Blood	0.000603263327267192	160	0.98578
rs5994638	ENSG00000211668	Whole_Blood	0.000300944106686517	116	0.97831
rs5994638	ENSG00000211669	Whole_Blood	0.000227330068778117	74	0.980712
rs5994638	ENSG00000211670	Whole_Blood	0.000182562178228116	59	0.887497
rs5994638	ENSG00000278196	Whole_Blood	0.000125835838099332	53	0.996183
rs6671847	ENSG00000026751	Spleen	0.0485364091626507	1072	0.997301
rs6671847	ENSG00000066294	Spleen	0.0471851562182411	809	0.999119
rs6671847	ENSG00000072694	Spleen	0.0473282001397508	1138	0.999108
rs6671847	ENSG00000081721	Spleen	0.0671413542944329	1138	0.999501
rs6671847	ENSG00000117090	Spleen	0.0599092018438144	826	0.994788
rs6671847	ENSG00000117091	Spleen	0.0532908813910916	951	0.998456
rs6671847	ENSG00000118217	Spleen	0.0484081289471907	1138	0.999061
rs6671847	ENSG00000122218	Spleen	0.0019614506375486	292	0.998342
rs6671847	ENSG00000122223	Spleen	0.0466153261578601	1138	0.999662
rs6671847	ENSG00000122224	Spleen	0.0460984539877981	1138	0.99999
rs6671847	ENSG00000132185	Spleen	0.0504668101123375	1138	0.999327
rs6671847	ENSG00000143222	Spleen	0.0457542606149439	1138	0.996489
rs6671847	ENSG00000143224	Spleen	0.0715760861081026	1138	0.998668
rs6671847	ENSG00000143226	Spleen	0.046246995508563	1138	0.999864
rs6671847	ENSG00000143252	Spleen	0.177955503150345	1138	0.996039
rs6671847	ENSG00000143256	Spleen	0.0466621519966343	1138	0.997602
rs6671847	ENSG00000143257	Spleen	0.0463752053616581	1138	0.992123
rs6671847	ENSG00000143258	Spleen	0.0959573375210353	1138	0.99759
rs6671847	ENSG00000158769	Spleen	0.0455329543477637	1138	0.999485
rs6671847	ENSG00000158773	Spleen	0.146630815902078	1138	0.982872
rs6671847	ENSG00000158793	Spleen	0.197517782982583	1138	0.997301
rs6671847	ENSG00000158796	Spleen	0.072160995573598	1138	0.994207
rs6671847	ENSG00000158850	Spleen	0.0458027233101543	1138	0.996651
rs6671847	ENSG00000158859	Spleen	0.0459319237427359	1138	0.998366
rs6671847	ENSG00000158864	Spleen	0.080091971103385	1138	0.999112
rs6671847	ENSG00000158869	Spleen	0.0663465991124541	1138	0.99656
rs6671847	ENSG00000158874	Spleen	0.048753414088292	1138	0.992695
rs6671847	ENSG00000158882	Spleen	0.052798232838995	1138	0.993609
rs6671847	ENSG00000158887	Spleen	0.0482465145304933	1138	0.997585
rs6671847	ENSG00000162735	Spleen	0.000401724455482098	89	0.974744
rs6671847	ENSG00000162736	Spleen	0.00183922471886679	292	0.995163
rs6671847	ENSG00000162738	Spleen	0.00344698921656132	502	0.996349
rs6671847	ENSG00000162739	Spleen	0.0506481506933874	761	0.998373
rs6671847	ENSG00000162745	Spleen	0.0549342071931417	1138	0.999373
rs6671847	ENSG00000162746	Spleen	0.050001103937229	1138	0.998142
rs6671847	ENSG00000162747	Spleen	0.0946942988956313	1138	0.999214
rs6671847	ENSG00000162755	Spleen	0.0506148542284895	1138	0.998061
rs6671847	ENSG00000171786	Spleen	0.00225990066681783	388	0.998439
rs6671847	ENSG00000173110	Spleen	0.05756698545446	1138	0.999128
rs6671847	ENSG00000179914	Spleen	0.0510229118988924	1138	0.998909
rs6671847	ENSG00000186517	Spleen	0.0638269812711198	1138	0.999697
rs6671847	ENSG00000188931	Spleen	0.0437097636465446	1138	0.998031
rs6671847	ENSG00000203747	Spleen	0.0988468655038214	1138	0.999169
rs6671847	ENSG00000215845	Spleen	0.215723929707014	1138	0.995745
rs6671847	ENSG00000224985	Spleen	0.0809832159959486	1138	0.99934
rs6671847	ENSG00000226889	Spleen	0.046189596121135	1138	0.999462
rs6671847	ENSG00000228863	Spleen	0.0514134937921526	829	0.990819
rs6671847	ENSG00000232188	Spleen	0.0647470528910677	1138	0.993915
rs6671847	ENSG00000234211	Spleen	3.77019750501041e-06	1138	0.995406
rs6671847	ENSG00000234425	Spleen	0.0713248607434221	789	0.994921
rs6671847	ENSG00000248485	Spleen	0.102335485051469	1138	0.998582
rs6671847	ENSG00000270149	Spleen	0.0458221523346258	1138	0.999298
rs6671847	ENSG00000273112	Spleen	0.0509633929791188	1138	0.998333
rs6671847	ENSG00000283317	Spleen	7.74714371643139e-07	1138	0.987321
rs6671847	ENSG00000283360	Spleen	0.0465094426937326	1138	0.999305
rs6671847	ENSG00000283696	Spleen	2.43144206848458e-05	1138	0.998395
rs6671847	ENSG00000288093	Spleen	0.0011575516273633	1138	0.999965
rs6671847	ENSG00000288670	Spleen	0.000262295936967588	1138	0.997437
rs6671847	ENSG00000289106	Spleen	0.0377672541240838	1138	0.999431
rs6671847	ENSG00000289121	Spleen	0.0486333886005647	1138	0.997387
rs6671847	ENSG00000289141	Spleen	0.0455629945376135	1138	0.999625
rs6671847	ENSG00000239887	Spleen	0.0514351796101824	700	0.999855
rs6671847	ENSG00000198574	Spleen	0.063251352520698	592	0.99991
rs6671847	ENSG00000152332	Spleen	0.0599448269809866	438	0.99963
rs6671847	ENSG00000117143	Spleen	0.0565263290547521	332	0.999898
rs6671847	ENSG00000272574	Spleen	0.0541298076973892	329	0.993746
rs6671847	ENSG00000162733	Spleen	0.0604773357777776	317	0.991445
rs6671847	ENSG00000026751	Whole_Blood	0.0513476313364883	1084	0.998722
rs6671847	ENSG00000066294	Whole_Blood	0.0341253138158318	817	0.999289
rs6671847	ENSG00000072694	Whole_Blood	2.69159513701722e-08	1149	0.995878
rs6671847	ENSG00000081721	Whole_Blood	0.0315349158074482	1149	0.998827
rs6671847	ENSG00000117090	Whole_Blood	0.030927928253848	834	0.997667
rs6671847	ENSG00000117091	Whole_Blood	0.0247409053373178	963	0.998127
rs6671847	ENSG00000118217	Whole_Blood	0.0323720728968568	1149	0.999385
rs6671847	ENSG00000122218	Whole_Blood	0.00182044229380185	296	0.999887
rs6671847	ENSG00000122223	Whole_Blood	0.0310623133128097	1149	0.999504
rs6671847	ENSG00000122224	Whole_Blood	0.229341739868734	1149	0.994825
rs6671847	ENSG00000132185	Whole_Blood	0.043805750886075	1149	0.997009
rs6671847	ENSG00000143222	Whole_Blood	0.0343449007005637	1149	0.998491
rs6671847	ENSG00000143224	Whole_Blood	0.035182528985418	1149	0.999939
rs6671847	ENSG00000143226	Whole_Blood	0.0322664599945814	1149	0.999666
rs6671847	ENSG00000143252	Whole_Blood	2.22898752558874e-08	1149	0.999197
rs6671847	ENSG00000143256	Whole_Blood	0.0380644443028505	1149	0.999675
rs6671847	ENSG00000143257	Whole_Blood	0.0501381378471651	1149	0.999736
rs6671847	ENSG00000143258	Whole_Blood	0.0300225992960012	1149	0.997713
rs6671847	ENSG00000158764	Whole_Blood	0.0307430339021606	1149	0.997097
rs6671847	ENSG00000158769	Whole_Blood	0.0316112230430001	1149	0.999735
rs6671847	ENSG00000158773	Whole_Blood	0.0336616625497744	1149	0.999803
rs6671847	ENSG00000158793	Whole_Blood	0.0672454940914825	1149	0.999429
rs6671847	ENSG00000158796	Whole_Blood	0.0350881006969285	1149	0.998013
rs6671847	ENSG00000158850	Whole_Blood	0.0391368159265997	1149	0.999974
rs6671847	ENSG00000158864	Whole_Blood	0.0312876490780534	1149	0.996526
rs6671847	ENSG00000158869	Whole_Blood	0.0303705333201911	1149	0.99907
rs6671847	ENSG00000158874	Whole_Blood	0.037308097470481	1149	0.997851
rs6671847	ENSG00000158882	Whole_Blood	0.0350848975359147	1149	0.997952
rs6671847	ENSG00000158887	Whole_Blood	0.0441560721319342	1149	0.998981
rs6671847	ENSG00000162735	Whole_Blood	0.000355565726184557	91	0.990511
rs6671847	ENSG00000162736	Whole_Blood	0.00255497314953592	296	0.985771
rs6671847	ENSG00000162739	Whole_Blood	0.0331561777947948	769	0.994845
rs6671847	ENSG00000162745	Whole_Blood	0.0316274277024364	1149	0.999844
rs6671847	ENSG00000162746	Whole_Blood	0.0374022039833173	1149	0.995867
rs6671847	ENSG00000162747	Whole_Blood	0.0372904942850862	1149	0.999039
rs6671847	ENSG00000171786	Whole_Blood	0.00194575472683935	393	0.989689
rs6671847	ENSG00000173110	Whole_Blood	0.0517823577521929	1149	0.988254
rs6671847	ENSG00000179914	Whole_Blood	0.0310234470063628	1149	0.998396
rs6671847	ENSG00000186517	Whole_Blood	0.0357104595028856	1149	0.999946
rs6671847	ENSG00000188931	Whole_Blood	0.0946379107345824	1149	0.99614
rs6671847	ENSG00000203747	Whole_Blood	0.0420486285799161	1149	0.999795
rs6671847	ENSG00000215845	Whole_Blood	0.0326464526904575	1149	0.999541
rs6671847	ENSG00000224515	Whole_Blood	0.0462341976430686	1149	0.999517
rs6671847	ENSG00000224985	Whole_Blood	0.030925214780256	1149	0.99686
rs6671847	ENSG00000228863	Whole_Blood	0.0397501436645142	837	0.99653
rs6671847	ENSG00000234425	Whole_Blood	0.0337619413808489	797	0.996954
rs6671847	ENSG00000248485	Whole_Blood	0.126699332764888	1149	0.99991
rs6671847	ENSG00000273112	Whole_Blood	7.67774454243313e-07	1149	0.999661
rs6671847	ENSG00000283317	Whole_Blood	4.9616981280947e-09	1149	0.997362
rs6671847	ENSG00000283360	Whole_Blood	0.0381325360906217	1149	0.995137
rs6671847	ENSG00000283696	Whole_Blood	5.22502024961489e-09	1149	0.994951
rs6671847	ENSG00000288670	Whole_Blood	2.12025091166945e-07	1149	0.998348
rs6671847	ENSG00000289106	Whole_Blood	2.30199751093555e-08	1149	0.996456
rs6671847	ENSG00000289141	Whole_Blood	0.0424886613881721	1149	0.999201
rs6671847	ENSG00000239887	Whole_Blood	0.0789384048556236	706	0.998994
rs6671847	ENSG00000198574	Whole_Blood	0.0415265955818069	598	0.998629
rs6671847	ENSG00000152332	Whole_Blood	0.132232873362782	443	0.988004
rs6671847	ENSG00000117143	Whole_Blood	0.297587688321806	335	0.997967
rs6671847	ENSG00000272574	Whole_Blood	0.0339469679707639	332	0.998208
rs6679677	ENSG00000007341	Spleen	0.0885567062009574	230	0.991023
rs6679677	ENSG00000081019	Spleen	0.0660558332050075	800	0.986409
rs6679677	ENSG00000081026	Spleen	0.0985928548812463	800	0.999412
rs6679677	ENSG00000116489	Spleen	0.0788506291200175	230	0.972984
rs6679677	ENSG00000116774	Spleen	0.0710469040809985	800	0.997727
rs6679677	ENSG00000116793	Spleen	0.0654827695063063	800	0.999748
rs6679677	ENSG00000118655	Spleen	0.0692655340313369	800	0.995765
rs6679677	ENSG00000134242	Spleen	0.0498522301296563	800	0.994364
rs6679677	ENSG00000134262	Spleen	0.0722425415962105	800	0.999459
rs6679677	ENSG00000155363	Spleen	0.06569661245156	306	0.985338
rs6679677	ENSG00000155366	Spleen	0.0770072084077281	358	0.999208
rs6679677	ENSG00000155367	Spleen	0.0701098762634028	369	0.988344
rs6679677	ENSG00000155380	Spleen	0.0671169336249694	689	0.989112
rs6679677	ENSG00000163349	Spleen	0.0674753391173956	800	0.997204
rs6679677	ENSG00000188761	Spleen	0.0696419284439142	800	0.997133
rs6679677	ENSG00000197323	Spleen	0.0683067877392873	800	0.985185
rs6679677	ENSG00000198799	Spleen	0.081501515415167	800	0.995912
rs6679677	ENSG00000224167	Spleen	0.072252528885161	536	0.994849
rs6679677	ENSG00000225075	Spleen	0.0742361057547656	350	0.982847
rs6679677	ENSG00000226167	Spleen	0.0424897195558035	800	0.995724
rs6679677	ENSG00000226419	Spleen	0.0650175879742127	689	0.991546
rs6679677	ENSG00000231128	Spleen	0.065836448416798	800	0.995541
rs6679677	ENSG00000238198	Spleen	0.0674296043238437	800	0.997839
rs6679677	ENSG00000116752	Spleen	0.088477356694146	654	0.999837
rs6679677	ENSG00000175984	Spleen	0.0804498062033842	495	0.998772
rs6679677	ENSG00000116748	Spleen	0.0723385114083377	452	0.998273
rs6679677	ENSG00000213281	Spleen	0.0733676872769053	428	0.997461
rs6679677	ENSG00000009307	Spleen	0.0855706599056763	366	0.999188
rs6679677	ENSG00000052723	Spleen	0.179906221955321	340	0.991254
rs6679677	ENSG00000007341	Whole_Blood	0.0644890027794096	234	0.997004
rs6679677	ENSG00000081019	Whole_Blood	0.0555098409421087	817	0.991276
rs6679677	ENSG00000081026	Whole_Blood	0.0578474575455704	817	0.99964
rs6679677	ENSG00000116489	Whole_Blood	0.0772991687426209	234	0.997154
rs6679677	ENSG00000116774	Whole_Blood	0.0755462147207608	817	0.998195
rs6679677	ENSG00000116793	Whole_Blood	0.0499393636271518	817	0.998869
rs6679677	ENSG00000118655	Whole_Blood	0.101436527077059	817	0.999782
rs6679677	ENSG00000134242	Whole_Blood	0.0445462135094218	817	0.998763
rs6679677	ENSG00000134262	Whole_Blood	2.49851733279048e-11	817	0.995244
rs6679677	ENSG00000155363	Whole_Blood	0.0946919976438173	312	0.997874
rs6679677	ENSG00000155366	Whole_Blood	0.0472420506784304	365	0.999881
rs6679677	ENSG00000155367	Whole_Blood	0.0657920112905095	376	0.995541
rs6679677	ENSG00000155380	Whole_Blood	0.068034635877541	704	0.999661
rs6679677	ENSG00000163349	Whole_Blood	0.0599091198130082	817	0.998558
rs6679677	ENSG00000188761	Whole_Blood	0.0557948181259707	817	0.99967
rs6679677	ENSG00000197323	Whole_Blood	0.0592626653639359	817	0.999936
rs6679677	ENSG00000198799	Whole_Blood	0.0530630759428634	817	0.997765
rs6679677	ENSG00000226167	Whole_Blood	0.000638061469014977	817	0.998578
rs6679677	ENSG00000231128	Whole_Blood	0.0499282008882686	817	0.993022
rs6679677	ENSG00000116752	Whole_Blood	0.0535625657024573	669	0.996445
rs6679677	ENSG00000175984	Whole_Blood	0.0506866444449362	506	0.985141
rs6679677	ENSG00000116748	Whole_Blood	0.0562185711610365	462	0.999195
rs6679677	ENSG00000213281	Whole_Blood	0.0677865939508229	438	0.9916
rs6679677	ENSG00000009307	Whole_Blood	0.0688666959244037	374	0.990144
rs6679677	ENSG00000052723	Whole_Blood	0.0530051064913667	348	0.993133
rs693109	ENSG00000104626	Spleen	0.143163726367286	2225	0.999814
rs693109	ENSG00000147324	Spleen	0.0122344951577733	2225	0.998954
rs693109	ENSG00000173281	Spleen	0.0734284847871905	2225	0.999892
rs693109	ENSG00000253893	Spleen	0.740794508103161	2225	0.997239
rs693109	ENSG00000253958	Spleen	0.0827810367289278	2225	0.999636
rs693109	ENSG00000254153	Spleen	0.269442035657684	2225	0.999859
rs693109	ENSG00000254340	Spleen	0.0581401898573636	2225	0.999771
rs693109	ENSG00000254367	Spleen	0.002436276890296	2225	0.998554
rs693109	ENSG00000275342	Spleen	0.109004800426833	2225	0.997609
rs693109	ENSG00000279949	Spleen	0.0654603693710471	2225	0.998108
rs693109	ENSG00000284606	Spleen	0.124248177153936	2225	0.99998
rs693109	ENSG00000173273	Spleen	0.0465467683459377	2124	0.99965
rs693109	ENSG00000272267	Spleen	0.0493070837477237	2122	0.999953
rs693109	ENSG00000253230	Spleen	0.072101773684217	424	0.995196
rs693109	ENSG00000104626	Whole_Blood	8.08991537002578e-05	2260	0.998382
rs693109	ENSG00000147324	Whole_Blood	0.292074824509151	2260	0.999889
rs693109	ENSG00000173281	Whole_Blood	0.0316036603342019	2260	0.999823
rs693109	ENSG00000254340	Whole_Blood	0.0809486677828356	2260	0.999697
rs693109	ENSG00000275342	Whole_Blood	0.0735343548896647	2260	0.99956
rs693109	ENSG00000173273	Whole_Blood	0.0480444987881008	2158	0.999887
rs7097397	ENSG00000107643	Spleen	0.053908235902428	1424	0.998637
rs7097397	ENSG00000128805	Spleen	0.11612824510557	1424	0.999654
rs7097397	ENSG00000128815	Spleen	0.0463831839554092	1424	0.999702
rs7097397	ENSG00000165633	Spleen	9.47046708645099e-07	1424	0.997128
rs7097397	ENSG00000204161	Spleen	0.00852391808973685	1424	0.999536
rs7097397	ENSG00000225830	Spleen	0.199725108430931	1424	0.998647
rs7097397	ENSG00000226576	Spleen	0.0586435382030668	1424	0.998746
rs7097397	ENSG00000228403	Spleen	0.908339326101143	1424	0.999576
rs7097397	ENSG00000233665	Spleen	0.0642696386399592	1424	0.999478
rs7097397	ENSG00000236800	Spleen	1.26624599745031e-06	1424	0.998926
rs7097397	ENSG00000241577	Spleen	0.0492087024501699	1424	0.99831
rs7097397	ENSG00000277758	Spleen	0.0189254663358785	500	0.998493
rs7097397	ENSG00000289444	Spleen	0.0441971694537308	1424	0.998789
rs7097397	ENSG00000197444	Spleen	0.103509259223919	924	0.991925
rs7097397	ENSG00000178440	Spleen	0.00419269680258255	333	0.9876
rs7097397	ENSG00000204152	Spleen	0.0043363392377853	333	0.993525
rs7097397	ENSG00000227345	Spleen	0.0037902598490356	280	0.990604
rs7097397	ENSG00000204149	Spleen	0.00460174977500214	241	0.997605
rs7097397	ENSG00000285803	Spleen	0.00472096794917958	222	0.977814
rs7097397	ENSG00000107643	Whole_Blood	0.0295593380320335	1441	0.999377
rs7097397	ENSG00000128805	Whole_Blood	4.22036101002797e-07	1441	0.998997
rs7097397	ENSG00000128815	Whole_Blood	1.24161315424969e-05	1441	0.998366
rs7097397	ENSG00000204161	Whole_Blood	2.92363500509569e-07	1441	0.997966
rs7097397	ENSG00000225830	Whole_Blood	0.130344892662663	1441	0.99777
rs7097397	ENSG00000228403	Whole_Blood	0.53714920107687	1441	0.999832
rs7097397	ENSG00000233665	Whole_Blood	0.00725276975408231	1441	0.99586
rs7097397	ENSG00000204152	Whole_Blood	0.00408983459482816	335	0.975582
rs7097397	ENSG00000227345	Whole_Blood	0.00353451354812796	281	0.999575
rs7097397	ENSG00000204149	Whole_Blood	0.00296554400355291	242	0.996428
rs7097397	ENSG00000285803	Whole_Blood	0.00326074976759467	223	0.993585
rs73050535	ENSG00000010219	Spleen	0.00637128131291027	1283	0.999136
rs73050535	ENSG00000047621	Spleen	0.00451359419425802	1283	0.997707
rs73050535	ENSG00000078237	Spleen	0.00497351426570205	1283	0.999889
rs73050535	ENSG00000111224	Spleen	0.0029114493589222	573	0.996995
rs73050535	ENSG00000111247	Spleen	0.00547612713184278	1283	0.999911
rs73050535	ENSG00000111254	Spleen	0.0215688811921899	1283	0.999254
rs73050535	ENSG00000118971	Spleen	0.00461160796119712	1283	0.999607
rs73050535	ENSG00000130035	Spleen	0.00590228602077618	1283	0.999517
rs73050535	ENSG00000130037	Spleen	0.00474015752051832	1283	0.99922
rs73050535	ENSG00000130038	Spleen	0.000756756746985699	261	0.992375
rs73050535	ENSG00000139180	Spleen	0.00637996405272495	1283	0.995221
rs73050535	ENSG00000151079	Spleen	0.00676351192921333	1283	0.999764
rs73050535	ENSG00000185652	Spleen	0.00492656282565618	1283	0.999781
rs73050535	ENSG00000255474	Spleen	0.00521160828453528	1283	0.999818
rs73050535	ENSG00000255608	Spleen	0.00730828546535852	1283	0.9989
rs73050535	ENSG00000255920	Spleen	0.00699552998567543	1283	0.997541
rs73050535	ENSG00000255983	Spleen	0.00445927973806131	1283	0.999366
rs73050535	ENSG00000256381	Spleen	0.00478623932527471	1283	0.999683
rs73050535	ENSG00000256862	Spleen	0.0031230035804434	570	0.999318
rs73050535	ENSG00000256988	Spleen	0.219107337143851	1283	0.999086
rs73050535	ENSG00000283138	Spleen	0.00079263241292714	239	0.998191
rs73050535	ENSG00000288870	Spleen	0.00466513319527899	1283	0.999351
rs73050535	ENSG00000289105	Spleen	0.00466066034269352	1283	0.999228
rs73050535	ENSG00000047617	Spleen	0.00148598738933313	545	0.998154
rs73050535	ENSG00000110799	Spleen	0.000234865437264224	67	0.96436
rs73050535	ENSG00000010219	Whole_Blood	0.000381270786932296	1308	0.999989
rs73050535	ENSG00000047621	Whole_Blood	0.06899753991137	1308	0.998559
rs73050535	ENSG00000078237	Whole_Blood	0.121966238039413	1308	0.998343
rs73050535	ENSG00000111224	Whole_Blood	0.00281017338238822	576	0.999008
rs73050535	ENSG00000111247	Whole_Blood	0.149672749859601	1308	0.999031
rs73050535	ENSG00000118971	Whole_Blood	0.0694150249667125	1308	0.999976
rs73050535	ENSG00000130038	Whole_Blood	0.000683642687809757	264	0.999398
rs73050535	ENSG00000139180	Whole_Blood	0.0594354222792264	1308	0.998365
rs73050535	ENSG00000256862	Whole_Blood	0.00281018662941799	573	0.999878
rs73050535	ENSG00000288870	Whole_Blood	0.0849380986624593	1308	0.997896
rs73050535	ENSG00000289105	Whole_Blood	0.0860715188305482	1308	0.999983
rs73050535	ENSG00000110799	Whole_Blood	0.000185341833201206	69	0.96804
rs73068668	ENSG00000022556	Spleen	1.04145123870093e-05	1421	0.998833
rs73068668	ENSG00000063241	Spleen	0.110064035110782	1421	0.99704
rs73068668	ENSG00000063244	Spleen	0.16233533422304	1421	0.998725
rs73068668	ENSG00000063245	Spleen	0.0734691196504079	1421	0.999526
rs73068668	ENSG00000080031	Spleen	0.109279913728586	1421	0.996961
rs73068668	ENSG00000088038	Spleen	0.00142679901578637	473	0.992859
rs73068668	ENSG00000088053	Spleen	0.00408015932322739	1421	0.999885
rs73068668	ENSG00000090971	Spleen	0.0628119165451134	1421	0.998732
rs73068668	ENSG00000095752	Spleen	0.079656780685443	1421	0.997467
rs73068668	ENSG00000104972	Spleen	0.0962688661955739	1421	0.999023
rs73068668	ENSG00000104974	Spleen	0.0781453771667026	1421	0.997841
rs73068668	ENSG00000105048	Spleen	0.0317137927707399	1421	0.999368
rs73068668	ENSG00000105063	Spleen	0.217596661587581	1421	0.998243
rs73068668	ENSG00000105609	Spleen	0.0762433280873527	798	0.999556
rs73068668	ENSG00000105617	Spleen	0.00552299880074054	508	0.992028
rs73068668	ENSG00000105618	Spleen	0.00150833351765147	433	0.997785
rs73068668	ENSG00000105619	Spleen	0.00120145950690084	434	0.999495
rs73068668	ENSG00000108106	Spleen	0.0674317263176601	1421	0.998111
rs73068668	ENSG00000108107	Spleen	0.00526422955530318	1421	0.999291
rs73068668	ENSG00000125498	Spleen	0.0642930245523277	1421	0.9998
rs73068668	ENSG00000125503	Spleen	0.131776504811853	1421	0.999118
rs73068668	ENSG00000125505	Spleen	0.0390177324610109	646	0.994915
rs73068668	ENSG00000131037	Spleen	0.051430121898222	1421	0.999372
rs73068668	ENSG00000131042	Spleen	0.098123063460219	841	0.999904
rs73068668	ENSG00000133247	Spleen	0.0648168742417321	1421	0.998354
rs73068668	ENSG00000133265	Spleen	0.0643922207876499	1421	0.999765
rs73068668	ENSG00000160439	Spleen	1.03083132556418e-05	1421	0.998927
rs73068668	ENSG00000160469	Spleen	0.081947082148861	1421	0.999516
rs73068668	ENSG00000160471	Spleen	0.0555344552068146	1421	0.999503
rs73068668	ENSG00000167608	Spleen	0.0120157241710788	562	0.998954
rs73068668	ENSG00000167613	Spleen	0.0740139464793575	1061	0.999241
rs73068668	ENSG00000167614	Spleen	0.0697784364554411	1222	0.999583
rs73068668	ENSG00000167615	Spleen	0.0741821979930957	1273	0.999946
rs73068668	ENSG00000167617	Spleen	0.0696198697925469	1338	0.998636
rs73068668	ENSG00000167618	Spleen	0.0796569184596944	1405	0.999015
rs73068668	ENSG00000167633	Spleen	0.0749828970701531	1421	0.999294
rs73068668	ENSG00000167634	Spleen	0.0900672492827677	1421	0.999966
rs73068668	ENSG00000170889	Spleen	0.0392831419270367	672	0.997572
rs73068668	ENSG00000170892	Spleen	0.0409724444813136	646	0.995079
rs73068668	ENSG00000170906	Spleen	0.00214080340332358	416	0.998054
rs73068668	ENSG00000170909	Spleen	0.00130893435621256	416	0.999962
rs73068668	ENSG00000171425	Spleen	0.0650294460144914	1421	0.999996
rs73068668	ENSG00000171443	Spleen	0.0778963835368485	1421	0.999991
rs73068668	ENSG00000173581	Spleen	0.0714982699524873	1421	0.998624
rs73068668	ENSG00000179922	Spleen	0.0645549571431171	1421	0.998345
rs73068668	ENSG00000179943	Spleen	0.0999414150595199	1421	0.995915
rs73068668	ENSG00000179954	Spleen	0.0659963790344231	1421	0.997416
rs73068668	ENSG00000180061	Spleen	0.0654288432756086	1421	0.99996
rs73068668	ENSG00000180089	Spleen	0.0456266648758494	1421	0.99843
rs73068668	ENSG00000186431	Spleen	0.0725809658999988	1421	0.999837
rs73068668	ENSG00000186818	Spleen	0.125371595133555	1421	0.999717
rs73068668	ENSG00000187116	Spleen	0.0722302093260792	909	0.997828
rs73068668	ENSG00000189013	Spleen	0.0706060255747177	1421	0.999296
rs73068668	ENSG00000189068	Spleen	0.00202731399770197	325	0.985109
rs73068668	ENSG00000189430	Spleen	0.0656030814664458	1421	0.994666
rs73068668	ENSG00000197483	Spleen	0.0631165835817068	1421	0.999286
rs73068668	ENSG00000204577	Spleen	0.0444214872371549	735	0.997544
rs73068668	ENSG00000213015	Spleen	0.11558749906928	1421	0.998065
rs73068668	ENSG00000215765	Spleen	0.066598447709364	1421	0.99625
rs73068668	ENSG00000218891	Spleen	0.0647802131967484	1421	0.999224
rs73068668	ENSG00000223660	Spleen	0.0401540957689417	671	0.993109
rs73068668	ENSG00000224730	Spleen	0.0656589465904479	1421	0.999681
rs73068668	ENSG00000226696	Spleen	0.143594307367409	1273	0.999719
rs73068668	ENSG00000233493	Spleen	0.0643173492841146	1421	0.999998
rs73068668	ENSG00000237017	Spleen	0.00127032852874921	451	0.998773
rs73068668	ENSG00000239961	Spleen	0.073189552492456	987	0.999642
rs73068668	ENSG00000239998	Spleen	0.0726635242605286	1421	0.999343
rs73068668	ENSG00000240403	Spleen	0.0728602762693776	1421	0.999225
rs73068668	ENSG00000243772	Spleen	0.0812912504030093	1421	0.999361
rs73068668	ENSG00000244482	Spleen	0.132452296983627	777	0.99595
rs73068668	ENSG00000248385	Spleen	0.00162699204476001	385	0.990864
rs73068668	ENSG00000261221	Spleen	0.127974269316482	1421	0.999517
rs73068668	ENSG00000267096	Spleen	0.0675253917927673	1421	0.99731
rs73068668	ENSG00000267117	Spleen	0.0749924214451686	1421	0.999778
rs73068668	ENSG00000267149	Spleen	9.87366133953309e-06	1421	0.998009
rs73068668	ENSG00000267265	Spleen	1.03418374549276e-05	1421	0.999449
rs73068668	ENSG00000267523	Spleen	0.0825740807014248	1421	0.999357
rs73068668	ENSG00000267649	Spleen	0.0634959326754067	1421	0.999558
rs73068668	ENSG00000267838	Spleen	0.0994811051809496	1257	0.999951
rs73068668	ENSG00000268496	Spleen	0.0659421211928517	1255	0.997837
rs73068668	ENSG00000269524	Spleen	0.0407206269112029	739	0.999359
rs73068668	ENSG00000269873	Spleen	0.0644640489304612	1256	0.9999
rs73068668	ENSG00000275183	Spleen	0.116701497649847	1314	0.996287
rs73068668	ENSG00000275210	Spleen	0.0731490882096151	978	0.999982
rs73068668	ENSG00000276488	Spleen	0.0912406741538253	1421	0.998584
rs73068668	ENSG00000276570	Spleen	0.0188534243017757	1421	0.999166
rs73068668	ENSG00000286230	Spleen	0.188594687925599	1421	0.998214
rs73068668	ENSG00000287170	Spleen	0.0719489654264969	1421	0.999011
rs73068668	ENSG00000288742	Spleen	0.0663371621805756	1078	0.999938
rs73068668	ENSG00000142409	Spleen	0.0986097976003921	978	0.997083
rs73068668	ENSG00000167685	Spleen	0.129815040186941	955	0.998704
rs73068668	ENSG00000267710	Spleen	0.0700101246372949	592	0.994772
rs73068668	ENSG00000267298	Spleen	0.14602578826884	514	0.998981
rs73068668	ENSG00000131848	Spleen	0.0879061948663482	365	0.998497
rs73068668	ENSG00000285996	Spleen	0.0622871655401979	332	0.999222
rs73068668	ENSG00000267192	Spleen	0.0625212482495256	310	0.990083
rs73068668	ENSG00000018869	Spleen	0.0218381446545537	284	0.997883
rs73068668	ENSG00000267454	Spleen	0.0221398250253499	284	0.987067
rs73068668	ENSG00000198440	Spleen	0.01104846003341	253	0.985229
rs73068668	ENSG00000166770	Spleen	0.0128295000517513	75	0.993492
rs73068668	ENSG00000198046	Spleen	0.0116286323174621	69	0.965477
rs73068668	ENSG00000022556	Whole_Blood	9.68388540793447e-06	1455	0.998756
rs73068668	ENSG00000063241	Whole_Blood	0.0624543976049365	1455	0.998763
rs73068668	ENSG00000063244	Whole_Blood	0.0590380748873673	1455	0.998378
rs73068668	ENSG00000063245	Whole_Blood	0.0677853425155838	1455	0.999421
rs73068668	ENSG00000088038	Whole_Blood	0.00135318456789288	480	0.996306
rs73068668	ENSG00000088053	Whole_Blood	0.103829944102226	1455	0.998989
rs73068668	ENSG00000090971	Whole_Blood	0.0766916737860225	1455	0.999872
rs73068668	ENSG00000104972	Whole_Blood	0.0573121640132085	1455	0.998445
rs73068668	ENSG00000104974	Whole_Blood	0.0571565459462772	1455	0.999307
rs73068668	ENSG00000105048	Whole_Blood	8.49024773392749e-06	1455	0.999395
rs73068668	ENSG00000105063	Whole_Blood	0.0965850041582162	1455	0.998822
rs73068668	ENSG00000105609	Whole_Blood	0.0515425677114083	819	0.999359
rs73068668	ENSG00000105617	Whole_Blood	0.0106187730840356	517	0.995408
rs73068668	ENSG00000105618	Whole_Blood	0.00146616000852628	440	0.988444
rs73068668	ENSG00000105619	Whole_Blood	0.00106771909487	441	0.996579
rs73068668	ENSG00000108106	Whole_Blood	0.0636918179370469	1455	0.999722
rs73068668	ENSG00000108107	Whole_Blood	0.0613239444843092	1455	0.998364
rs73068668	ENSG00000125498	Whole_Blood	0.0528401992189641	1455	0.999931
rs73068668	ENSG00000125503	Whole_Blood	0.0590837564321183	1455	0.999994
rs73068668	ENSG00000125505	Whole_Blood	0.0605683076985157	657	0.999145
rs73068668	ENSG00000131037	Whole_Blood	1.22953089854731e-05	1455	0.999425
rs73068668	ENSG00000131042	Whole_Blood	0.0589973016521003	861	0.998569
rs73068668	ENSG00000133247	Whole_Blood	0.0750321132591929	1455	0.997296
rs73068668	ENSG00000133265	Whole_Blood	0.0619157913974374	1455	0.999659
rs73068668	ENSG00000160439	Whole_Blood	1.24869254369776e-05	1455	0.999447
rs73068668	ENSG00000160469	Whole_Blood	0.0515660500420379	1455	0.999642
rs73068668	ENSG00000160471	Whole_Blood	6.52575360973799e-05	1455	0.99983
rs73068668	ENSG00000167608	Whole_Blood	0.00860352268056231	571	0.999147
rs73068668	ENSG00000167613	Whole_Blood	0.0527604997884609	1085	0.999728
rs73068668	ENSG00000167615	Whole_Blood	0.0606224169686826	1303	0.998526
rs73068668	ENSG00000167617	Whole_Blood	0.0522312313902386	1370	0.999651
rs73068668	ENSG00000167618	Whole_Blood	0.0859182282517989	1439	0.99668
rs73068668	ENSG00000167633	Whole_Blood	0.162434525212639	1455	0.999116
rs73068668	ENSG00000167634	Whole_Blood	0.0527907255509529	1455	0.998536
rs73068668	ENSG00000170889	Whole_Blood	0.0492941994291384	684	0.997811
rs73068668	ENSG00000170892	Whole_Blood	0.0333925090059278	657	0.998458
rs73068668	ENSG00000170906	Whole_Blood	0.00103854250678505	421	0.998943
rs73068668	ENSG00000170909	Whole_Blood	0.00170069363937247	421	0.996905
rs73068668	ENSG00000171425	Whole_Blood	0.0599663831668674	1455	0.999198
rs73068668	ENSG00000171443	Whole_Blood	0.0569672935105724	1455	0.999236
rs73068668	ENSG00000173581	Whole_Blood	0.0494648026405454	1455	0.999627
rs73068668	ENSG00000179922	Whole_Blood	0.0523197765667826	1455	0.99765
rs73068668	ENSG00000179943	Whole_Blood	0.0513524298135103	1455	0.999081
rs73068668	ENSG00000180061	Whole_Blood	0.0608736607258813	1455	0.999903
rs73068668	ENSG00000180089	Whole_Blood	0.013474758164708	1455	0.999549
rs73068668	ENSG00000186431	Whole_Blood	0.0709194580171311	1455	0.999989
rs73068668	ENSG00000186818	Whole_Blood	0.0562893903244438	1455	0.999587
rs73068668	ENSG00000187116	Whole_Blood	0.0528766238269863	930	0.999474
rs73068668	ENSG00000189013	Whole_Blood	0.0532291203190611	1455	0.999737
rs73068668	ENSG00000189068	Whole_Blood	0.00105156012151079	330	0.995858
rs73068668	ENSG00000189430	Whole_Blood	0.0544006136324974	1455	0.999611
rs73068668	ENSG00000197483	Whole_Blood	0.0675137204987957	1455	0.999218
rs73068668	ENSG00000204577	Whole_Blood	0.0418009716535836	751	0.998719
rs73068668	ENSG00000213015	Whole_Blood	0.0596924024108472	1455	0.997756
rs73068668	ENSG00000218891	Whole_Blood	0.0511419803695196	1455	0.99987
rs73068668	ENSG00000223660	Whole_Blood	0.0439525509761379	683	0.999145
rs73068668	ENSG00000226696	Whole_Blood	0.0647902550425137	1303	0.998922
rs73068668	ENSG00000233493	Whole_Blood	0.0542081116629403	1455	0.999921
rs73068668	ENSG00000239961	Whole_Blood	0.0819330889679343	1009	0.997286
rs73068668	ENSG00000239998	Whole_Blood	0.0620023803057881	1455	0.999228
rs73068668	ENSG00000240403	Whole_Blood	0.0730959092764235	1455	0.999605
rs73068668	ENSG00000243772	Whole_Blood	0.137654552164157	1455	0.998514
rs73068668	ENSG00000244482	Whole_Blood	0.0517733444939272	798	0.998902
rs73068668	ENSG00000248385	Whole_Blood	0.00104476725895716	390	0.986271
rs73068668	ENSG00000261221	Whole_Blood	0.0545352089905006	1455	0.999914
rs73068668	ENSG00000267096	Whole_Blood	0.0576046230838005	1455	0.999973
rs73068668	ENSG00000267117	Whole_Blood	0.056376604427745	1455	0.99999
rs73068668	ENSG00000267149	Whole_Blood	9.60312915575872e-06	1455	0.997407
rs73068668	ENSG00000267265	Whole_Blood	9.60030524193118e-06	1455	0.998738
rs73068668	ENSG00000267523	Whole_Blood	0.0678882731168166	1455	0.998772
rs73068668	ENSG00000267838	Whole_Blood	0.0559232304194042	1286	0.999728
rs73068668	ENSG00000269524	Whole_Blood	0.0333435874662409	756	0.998626
rs73068668	ENSG00000269873	Whole_Blood	0.0612533758884722	1285	0.99871
rs73068668	ENSG00000275183	Whole_Blood	0.138437541409266	1345	0.999427
rs73068668	ENSG00000275210	Whole_Blood	0.0555860060687549	1000	0.999744
rs73068668	ENSG00000276488	Whole_Blood	0.0587308105870829	1455	0.997952
rs73068668	ENSG00000276570	Whole_Blood	0.00242458383375423	1455	0.998122
rs73068668	ENSG00000288742	Whole_Blood	0.0667183049494528	1102	0.999719
rs73068668	ENSG00000142409	Whole_Blood	0.0880540051094898	1005	0.998185
rs73068668	ENSG00000167685	Whole_Blood	0.0595766680051091	982	0.998719
rs73068668	ENSG00000267454	Whole_Blood	0.0187401276790632	293	0.998904
rs7581149	ENSG00000011523	Spleen	0.0511484420321622	1308	0.99554
rs7581149	ENSG00000115902	Spleen	0.0575996423250035	1308	0.996851
rs7581149	ENSG00000119844	Spleen	0.0694052543987714	1072	0.999718
rs7581149	ENSG00000119862	Spleen	0.0536696359344535	898	0.994054
rs7581149	ENSG00000138069	Spleen	0.164225596633258	1308	0.99931
rs7581149	ENSG00000138071	Spleen	0.0493520391125933	1308	0.999324
rs7581149	ENSG00000179833	Spleen	0.0528876105112727	1308	0.996729
rs7581149	ENSG00000197329	Spleen	0.000618075002859977	161	0.998143
rs7581149	ENSG00000198369	Spleen	0.0703148406698919	1308	0.998024
rs7581149	ENSG00000223935	Spleen	0.10297710213634	898	0.994228
rs7581149	ENSG00000225889	Spleen	0.00055806774383394	158	0.957142
rs7581149	ENSG00000226756	Spleen	0.051948289963089	1308	0.999745
rs7581149	ENSG00000232613	Spleen	0.048030558952412	1308	0.997444
rs7581149	ENSG00000234572	Spleen	0.114171940496541	1308	0.996036
rs7581149	ENSG00000237638	Spleen	0.0553895716839522	1308	0.999578
rs7581149	ENSG00000238201	Spleen	0.0749511877957516	607	0.99886
rs7581149	ENSG00000260101	Spleen	0.0717417778510691	1072	0.999463
rs7581149	ENSG00000287123	Spleen	0.0514121574684331	1308	0.998076
rs7581149	ENSG00000288932	Spleen	0.00706337819153215	463	0.989031
rs7581149	ENSG00000288986	Spleen	0.0489749335287471	1308	0.999203
rs7581149	ENSG00000289176	Spleen	0.0670163921407726	607	0.999512
rs7581149	ENSG00000143995	Spleen	0.0583008128905919	472	0.983219
rs7581149	ENSG00000230749	Spleen	0.0327694428066711	441	0.999023
rs7581149	ENSG00000011523	Whole_Blood	2.82520233691455e-05	1334	0.99737
rs7581149	ENSG00000115902	Whole_Blood	0.0381784095621715	1334	0.999435
rs7581149	ENSG00000119844	Whole_Blood	0.0494451351104814	1096	0.993081
rs7581149	ENSG00000119862	Whole_Blood	0.204179467216876	918	0.999862
rs7581149	ENSG00000138069	Whole_Blood	0.0364595058286547	1334	0.999948
rs7581149	ENSG00000138071	Whole_Blood	0.161351197280443	1334	0.999913
rs7581149	ENSG00000179833	Whole_Blood	0.0403599324944198	1334	0.999915
rs7581149	ENSG00000197329	Whole_Blood	0.000560711999921747	165	0.99035
rs7581149	ENSG00000198369	Whole_Blood	0.444798896131621	1334	0.993359
rs7581149	ENSG00000223935	Whole_Blood	0.0822487051069215	918	0.998537
rs7581149	ENSG00000225889	Whole_Blood	0.000477298124903566	162	0.975247
rs7581149	ENSG00000226756	Whole_Blood	0.032393280825589	1334	0.999351
rs7581149	ENSG00000232613	Whole_Blood	0.0620024548632996	1334	0.998338
rs7581149	ENSG00000237638	Whole_Blood	0.0383978712566515	1334	0.99963
rs7581149	ENSG00000238012	Whole_Blood	0.0427041573075551	605	0.997809
rs7581149	ENSG00000238201	Whole_Blood	0.0334172511312213	622	0.998105
rs7581149	ENSG00000260101	Whole_Blood	0.11529074235233	1096	0.999979
rs7581149	ENSG00000288932	Whole_Blood	0.00454002731513019	476	0.998182
rs7581149	ENSG00000289176	Whole_Blood	0.0336195617181489	622	0.99972
rs7768653	ENSG00000057657	Spleen	0.0501066647541227	1224	0.998554
rs7768653	ENSG00000057663	Spleen	0.0575923156485142	1224	0.999321
rs7768653	ENSG00000085377	Spleen	0.0690255958156213	1224	0.999223
rs7768653	ENSG00000112276	Spleen	0.0538194895674145	583	0.996683
rs7768653	ENSG00000112297	Spleen	0.0478413010445581	1224	0.999581
rs7768653	ENSG00000130347	Spleen	0.0537965546605855	1224	0.999947
rs7768653	ENSG00000130348	Spleen	0.0518795162589653	1224	0.998725
rs7768653	ENSG00000229654	Spleen	0.0865538806726621	1224	0.998592
rs7768653	ENSG00000231628	Spleen	0.111949656610315	905	0.993227
rs7768653	ENSG00000269919	Spleen	0.0509553886720021	1224	0.999691
rs7768653	ENSG00000284999	Spleen	0.122469850340904	1224	0.996587
rs7768653	ENSG00000272398	Spleen	0.0504304635786741	961	0.997187
rs7768653	ENSG00000130349	Spleen	0.0541336070887577	854	0.989318
rs7768653	ENSG00000178409	Spleen	0.0677958949676309	705	0.996204
rs7768653	ENSG00000057657	Whole_Blood	0.0892066451127133	1244	0.999716
rs7768653	ENSG00000057663	Whole_Blood	0.035143306802058	1244	0.999879
rs7768653	ENSG00000085377	Whole_Blood	0.0379396713977622	1244	0.99987
rs7768653	ENSG00000112297	Whole_Blood	0.0582044572488519	1244	0.997996
rs7768653	ENSG00000130347	Whole_Blood	0.0332146444616573	1244	0.998333
rs7768653	ENSG00000130348	Whole_Blood	0.0332903629537367	1244	0.99911
rs7768653	ENSG00000231628	Whole_Blood	0.0321770191851491	923	0.999138
rs7768653	ENSG00000269919	Whole_Blood	0.0615941197735811	1244	0.998922
rs7768653	ENSG00000272398	Whole_Blood	0.125589380808438	976	0.998419
rs7768653	ENSG00000130349	Whole_Blood	0.0381248760172944	866	0.994325
rs7823055	ENSG00000047249	Spleen	0.0454210558953196	1228	0.998793
rs7823055	ENSG00000120992	Spleen	0.18820816321159	1243	0.996995
rs7823055	ENSG00000137547	Spleen	0.0682569977811749	1243	0.995362
rs7823055	ENSG00000164736	Spleen	0.0478334508360975	1243	0.997376
rs7823055	ENSG00000187735	Spleen	0.168431166230225	1243	0.998005
rs7823055	ENSG00000237807	Spleen	0.0031483120970676	539	0.995569
rs7823055	ENSG00000260955	Spleen	0.0617149524721834	1243	0.997891
rs7823055	ENSG00000286471	Spleen	0.0514420193579069	1243	0.999224
rs7823055	ENSG00000137574	Spleen	0.000658261541550405	231	0.988852
rs7823055	ENSG00000167904	Spleen	0.000626324504906734	231	0.97826
rs7823055	ENSG00000047249	Whole_Blood	0.0440559942684273	1258	0.999416
rs7823055	ENSG00000120992	Whole_Blood	0.072733240734715	1273	0.999662
rs7823055	ENSG00000137547	Whole_Blood	0.0396523264455858	1273	0.998093
rs7823055	ENSG00000187735	Whole_Blood	0.110107028694936	1273	0.999672
rs7823055	ENSG00000260955	Whole_Blood	0.0305261290590376	1273	0.998429
rs7823055	ENSG00000137574	Whole_Blood	0.000589516553033582	235	0.981673
rs7823055	ENSG00000167904	Whole_Blood	0.000800698666323129	235	0.933886
rs9852014	ENSG00000004399	Spleen	0.106672198665683	771	0.999775
rs9852014	ENSG00000075785	Spleen	0.0766302309483337	771	0.998704
rs9852014	ENSG00000114654	Spleen	0.0616351262448677	771	0.997684
rs9852014	ENSG00000114656	Spleen	0.0642377524437146	771	0.996157
rs9852014	ENSG00000129071	Spleen	0.0635460669591465	771	0.999877
rs9852014	ENSG00000163902	Spleen	0.0625893761392328	771	0.983738
rs9852014	ENSG00000163913	Spleen	0.069717388330342	771	0.99982
rs9852014	ENSG00000169704	Spleen	0.0635084318594704	771	0.995728
rs9852014	ENSG00000169714	Spleen	0.0662696518547358	771	0.999514
rs9852014	ENSG00000170893	Spleen	0.0629042116221525	771	0.999387
rs9852014	ENSG00000172765	Spleen	0.0985515827208771	771	0.996245
rs9852014	ENSG00000172771	Spleen	0.105964810288997	771	0.999141
rs9852014	ENSG00000172780	Spleen	0.0820525958370218	771	0.999667
rs9852014	ENSG00000177646	Spleen	0.0755509701252664	771	0.99736
rs9852014	ENSG00000179348	Spleen	0.0629604416790041	545	0.999968
rs9852014	ENSG00000181789	Spleen	0.066520045507918	771	0.999866
rs9852014	ENSG00000183624	Spleen	0.0878895258798934	771	0.993186
rs9852014	ENSG00000184897	Spleen	0.0624370384677759	771	0.998407
rs9852014	ENSG00000198685	Spleen	0.0683060365554831	675	0.996808
rs9852014	ENSG00000203644	Spleen	0.0650739270674588	771	0.999221
rs9852014	ENSG00000206417	Spleen	0.0676446730985026	771	0.99906
rs9852014	ENSG00000231305	Spleen	0.108984953007713	771	0.992905
rs9852014	ENSG00000240682	Spleen	0.071692423183082	771	0.994864
rs9852014	ENSG00000244300	Spleen	0.0706104148399677	538	0.998934
rs9852014	ENSG00000248243	Spleen	0.0771924890423678	771	0.99673
rs9852014	ENSG00000249846	Spleen	0.0641396534247413	771	0.99481
rs9852014	ENSG00000250643	Spleen	0.0644053804255183	771	0.99938
rs9852014	ENSG00000251287	Spleen	0.0981034700764999	771	0.999356
rs9852014	ENSG00000261159	Spleen	0.16244849784177	771	0.998698
rs9852014	ENSG00000271270	Spleen	0.0642687300244547	771	0.998513
rs9852014	ENSG00000273174	Spleen	0.0627954156224819	771	0.994043
rs9852014	ENSG00000273437	Spleen	0.065164862392492	771	0.99771
rs9852014	ENSG00000286729	Spleen	0.0625704494663132	771	0.994655
rs9852014	ENSG00000286806	Spleen	0.0691572670919066	639	0.986466
rs9852014	ENSG00000287110	Spleen	0.147053382969619	771	0.986298
rs9852014	ENSG00000288996	Spleen	0.0674230541402889	771	0.990348
rs9852014	ENSG00000289351	Spleen	0.0742920762244599	771	0.999856
rs9852014	ENSG00000289469	Spleen	0.0633954791729525	771	0.994084
rs9852014	ENSG00000288111	Spleen	0.106512554373712	728	0.996483
rs9852014	ENSG00000206384	Spleen	0.00113887809192066	204	0.994441
rs9852014	ENSG00000004399	Whole_Blood	0.00328536649948973	794	0.999198
rs9852014	ENSG00000075785	Whole_Blood	0.0474238762921567	794	0.997389
rs9852014	ENSG00000114656	Whole_Blood	0.0465145721828093	794	0.996078
rs9852014	ENSG00000129071	Whole_Blood	0.0581221847226519	794	0.996975
rs9852014	ENSG00000163902	Whole_Blood	0.0410370240688133	794	0.998418
rs9852014	ENSG00000163913	Whole_Blood	0.0871210852627946	794	0.99853
rs9852014	ENSG00000169704	Whole_Blood	0.0611612319131874	794	0.99807
rs9852014	ENSG00000169714	Whole_Blood	0.453612791933795	794	0.987302
rs9852014	ENSG00000170893	Whole_Blood	0.057743637124775	794	0.997794
rs9852014	ENSG00000172765	Whole_Blood	0.0464213500712793	794	0.999666
rs9852014	ENSG00000172771	Whole_Blood	0.000333373903956778	794	0.994853
rs9852014	ENSG00000172780	Whole_Blood	0.0463744680735135	794	0.997839
rs9852014	ENSG00000177646	Whole_Blood	0.11987718932172	794	0.999176
rs9852014	ENSG00000179348	Whole_Blood	0.053102007283739	564	0.997622
rs9852014	ENSG00000181789	Whole_Blood	0.0459383089569888	794	0.998726
rs9852014	ENSG00000183624	Whole_Blood	0.0387080360043219	794	0.996332
rs9852014	ENSG00000184897	Whole_Blood	0.256770715483396	794	0.996773
rs9852014	ENSG00000203644	Whole_Blood	0.295938405694622	794	0.999099
rs9852014	ENSG00000206417	Whole_Blood	0.153702902036515	794	0.998892
rs9852014	ENSG00000231305	Whole_Blood	0.0964348883386803	794	0.999027
rs9852014	ENSG00000240682	Whole_Blood	0.0486506195311677	794	0.999409
rs9852014	ENSG00000261159	Whole_Blood	0.331710614150706	794	0.995153
rs9852014	ENSG00000273174	Whole_Blood	0.0470424798909081	794	0.999319
rs9852014	ENSG00000273437	Whole_Blood	0.0508070096196883	794	0.998874
rs9852014	ENSG00000288996	Whole_Blood	0.03065795848467	794	0.994933
rs9852014	ENSG00000289351	Whole_Blood	0.106409348680639	794	0.990071
rs9852014	ENSG00000289469	Whole_Blood	0.0425351599742778	794	0.996199
