SNP	Q	df	p_Q	I2
rs1078324	7.97826065668581	1	0.0047342406341902	87.5
rs1270942	4.23086605502869	1	0.0396951807428863	76.4
rs13019891	36.2952342826989	1	1.69578027815552e-09	97.2
rs13208096	0.800100314879116	1	0.37106337871732	0
rs13212936	4.40916823897169	1	0.0357462664470479	77.3
rs144447022	0.885816505720496	1	0.346613518750009	0
rs1464446	32.6472559512935	1	1.1049530357347e-08	96.9
rs149543464	2.3366059411543	1	0.126364611223482	57.2
rs2573219	25.9408608295521	1	3.52038115902457e-07	96.1
rs35000415	0.195601845382906	1	0.658294579493309	0
rs45527431	4.40769657802871	1	0.0357771194057637	77.3
rs4661543	0.0305364203652175	1	0.861278645815083	0
rs512681	9.23604327489254	1	0.00237297160778279	89.2
rs57651384	0.902562028660851	1	0.342095664798107	0
rs7190807	0.333493513445539	1	0.563609185870778	0
rs75424836	0.617387757206931	1	0.432019671294251	0
rs7574865	2.47939413998402	1	0.115346677434885	59.7
rs7823055	14.8922285321415	1	0.000113830964843784	93.3
rs9852014	2.95212285293129	1	0.0857648315541469	66.1
