CHR	BP	RSID	OA	EA	BETA_bentham	SE_bentham	P_bentham	BETA_finngen	SE_finngen	P_finngen	BETA_meta	SE_meta	P_meta	I2	HetP	OA_rep	EA_rep	OR_rep	P_rep	BETA_rep	concordant	replicated
2	191094763	rs4853458	G	A	0.559615787935423	0.0326808192218867	9.8831e-66	0.310166	0.0438018	1.42988e-12	0.470411227499651	0.0261935231570416	4.07604197286915e-72	95.2002825437363	5.00712480790273e-06	A	G	0.64864	5.42202e-10	0.432877415718502	TRUE	TRUE
16	31261032	rs34572943	G	A	0.587786664902119	0.0407360176815499	3.39169e-47	0.333694	0.0598066	2.41146e-08	0.507262044720673	0.0336680056951458	2.68623547210467e-51	91.8897110408191	0.000445732370057346	G	A	1.75343	5.83907e-12	0.561573869641584	TRUE	TRUE
16	85933077	rs13332649	A	G	-0.3147107448397	0.0375682523381125	5.42755e-17	-0.112595	0.0438743	0.0102783	-0.229209306859579	0.0285362457687287	9.572717561106e-16	91.8328897299718	0.000466698367712333	A	G	0.793612	0.00448867	-0.231160602158053	TRUE	TRUE
1	173282717	rs10912578	G	A	0.246860077931526	0.0309917988523766	1.64776e-15	0.0672842	0.0423563	0.112166	0.184243221178961	0.0250114948062867	1.75373755085608e-13	91.4581034404693	0.000622653558403331	A	G	0.863172	0.023616	0.147141303006393	TRUE	TRUE
1	161509020	rs6671847	G	A	0.198850858745165	0.0289650808172255	6.64016e-12	0.108422	0.03905	0.00549478	0.166756300266454	0.0232639371579453	7.60917787548015e-13	71.0924667545175	0.0628967127796548	G	A	1.3022	6.27134e-05	0.264055141820625	TRUE	TRUE
3	160030028	rs2647928	A	G	-0.162518929497775	0.0312648651079701	2.013e-07	-0.172208	0.0407261	2.35321e-05	-0.16611172251783	0.0247997820698201	2.11129160873984e-11	0	0.850318177924113	A	G	0.835137	0.00433082	-0.180159495733309	TRUE	TRUE
16	11097715	rs12928726	G	A	-0.139262067333508	0.0286938622956125	1.21378e-06	-0.136058	0.0399767	0.000665457	-0.13817263617087	0.0233107378796725	3.07722966427189e-09	0	0.948084746253074	G	A	0.713692	8.13737e-09	-0.337303782259476	TRUE	TRUE
