RSID	CHR	BP	P_disco	P_bentham	P_finngen	I2	HetP	Notes
rs4853458	2	191094763	4.07604197286915e-72	9.8831e-66	1.42988e-12	95.2002825437363	5.00712480790273e-6	
rs34572943	16	31261032	2.68623547210467e-51	3.39169e-47	2.41146e-8	91.8897110408191	4.4573237005734e-4	
rs13332649	16	85933077	9.572717561106e-16	5.42755e-17	0.0102783	91.8328897299718	4.6669836771233e-4	
rs10912578	1	173282717	1.75373755085608e-13	1.64776e-15	0.112166	91.4581034404693	6.2265355840333e-4	
rs6671847	1	161509020	7.60917787548015e-13	6.64016e-12	0.00549478	71.0924667545175	0.0628967127796548	
rs2647928	3	160030028	2.11129160873984e-11	2.013e-7	2.35321e-5	0	0.850318177924113	
rs12928726	16	11097715	3.07722966427189e-9	1.21378e-6	6.65457e-4	0	0.948084746253074	
