Gene	RSID	Tissue	PP4	Variant_PIP	Top_Variant
CLIC1	rs389884	Spleen	0.942204577234974	0.510381070848804	rs1150757
